course_link,course_name,course_number,course_organization,course_price,course_task
//ke.qq.com/course/103823,祝凯绘画——光线概括系统教学课程（上）（绘画基础入门课程）,586人购买,祝凯,"￥8,376.22",共15节
//ke.qq.com/course/104615#term_id=100516313,PS淘宝美工免费班/PS教程+网店装修+主图海报+PS设计 平面设计 PS,8366人最近报名,,免费,共38节
//ke.qq.com/course/106415,（直播+视频）室内设计3DMAX建模-家装工装效果图制作CAD-PS-VRAY,317人最近报名,艾巴优教育,免费,共30节
//ke.qq.com/course/111616#term_id=100119854,【录播】自然拼读法Phonics-英语零基础口语发音入门课程初学必选,5090人购买,e学苑在线教育,￥377.22,共89节
//ke.qq.com/course/116530,公务员面试公开课（适用国考、事业单位）【诚真公考】,025人最近报名,诚真公考,免费,共5节
//ke.qq.com/course/117001#term_id=100337234,UI/UE设计 APP/网页/交互设计/动效设计 PS 高薪实战班,147人最近报名,,免费,共8节
//ke.qq.com/course/119736,和小白一起学设计,5862人购买,品格设计课堂,￥77.22,共25节
//ke.qq.com/course/122221,【直播】恋爱技巧/情感聊天技巧/婚姻情感挽回,5791人最近报名,,免费,共4节
//ke.qq.com/course/126432,摄影后期/人像精修/中国风后期调色/风光修图/工笔画/影楼后期,700人最近报名,光影学院,免费,共8节
//ke.qq.com/course/126843#term_id=100516313,【直播】0基础水彩 水彩古风 水彩插画 手绘淡彩 小清新【HESUN】,587人最近报名,合尚教育,免费,进度：1/1节
//ke.qq.com/course/127193,2020公务员国考省考行测申论提分课【诚真公考】,802人最近报名,诚真公考,免费,共2节
//ke.qq.com/course/127207,高级时装立体裁剪免费试学【艺服在线教学】,95人最近报名,艺服教育,免费,共5节
//ke.qq.com/course/127439,【北京峰源】混凝土结构设计实战免费公开课,596人最近报名,,免费,共47节
//ke.qq.com/course/131630,廓形立体裁剪【艺服在线教学】,31人最近报名,艺服教育,免费,共8节
//ke.qq.com/course/134875,【北京峰源】安装工程造价（水电暖消防 招投标预算结算 广联达）,144人最近报名,,免费,进度：16/16节
//ke.qq.com/course/141269,UG塑胶模具设计VIP精品体验课/汽车模/3D分模/2D排位/模具结构,385人最近报名,明辉教育,免费,共11节
//ke.qq.com/course/152110,色彩搭配 服装搭配 形象设计 . OS形象设计中心  时尚公开课,315人最近报名,欧艾教育,免费,共2节
//ke.qq.com/course/152855,零基础学化妆 .OS形象设计中心 时尚公开课,944人最近报名,欧艾教育,免费,共4节
//ke.qq.com/course/153616,PS/PS综合平面设计/PS/AI平面设计/版式/字体/LOGO/VI/海报/为课,937人最近报名,,免费,共12节
//ke.qq.com/course/155600#term_id=100516313,PS教程 免费 PhotoShop  美工教程 平面设计 淘宝装修 PS淘宝美工,3053人最近报名,,免费,共33节
//ke.qq.com/course/157433,PS AI平面设计/配色/版式/海报/画册/折页/包装/logo/字体设计/VI,5528人最近报名,,免费,共15节
//ke.qq.com/course/158475,【优梯教育】新手开店找货源 手淘首页低价引流 微淘钻展运营技巧,5942人最近报名,优梯教育,免费,进度：9/21节
//ke.qq.com/course/159394,零基础学搭配，做时尚达人！,536人最近报名,欧艾教育,免费,共1节
//ke.qq.com/course/163029,Web前端经典实战教程【软谋教育】,84人最近报名,软谋教育,免费,共2节
//ke.qq.com/course/163704,千代手绳系统教学课程 初级基础班,352人购买,千代,"￥3,176.22",共181节
//ke.qq.com/course/166039,立体裁剪+平面打版/平立一体互通打版体验课【艺服教育】,547人最近报名,艺服教育,免费,共3节
//ke.qq.com/course/167654,(培训直播)3dmax高级家具建模产品建模-MD布料建模3d模型,5229人购买,扮家家特训营,"￥5,666.22",随到随学
//ke.qq.com/course/171018,将军学院-平面设计 PS教程 淘宝美工 店铺装修 photoshop 抠图,929人最近报名,将军学院,免费,共14节
//ke.qq.com/course/178625#term_id=100337234,土建直播公开课2-广联达BIM预算案例实操【启程学院】,5284人最近报名,启程学院,免费,共141节
//ke.qq.com/course/182135,零基础学虚幻4(UE4)第一季：UE4基础操作,356人最近报名,丁树凯,免费,共31节
//ke.qq.com/course/184101,【北京峰源】一级注册结构/岩土工程师基础考试免费公开课,958人最近报名,,免费,共19节
//ke.qq.com/course/185617,犀牛Rhino 5.0基本工具讲解与案例分析快速入门基础课程,5967人购买,,￥5.22,共20节
//ke.qq.com/course/185969,高级女装制版全套深造技术--VIP一班级【艺服在线教学】,022人购买,艺服教育,"￥5,876.22",共43节
//ke.qq.com/course/191621,女装配领技术-服装打版制版【艺服在线教学】,5772人购买,艺服教育,￥566.22,共17节
//ke.qq.com/course/1932,C4D+PS电商设计实战 进阶提升 C4D电商视觉 PS网店美工,87人最近报名,云艺帆教育,免费,共1节
//ke.qq.com/course/196123,UI UE 设计 PS APP设计 网页设计 交互设计 AE动效 网页代码,543人最近报名,,免费,共4节
//ke.qq.com/course/199990#term_id=100423390,EVE+GNS3模拟器讲解 思科认证网络工程师 CCNA/CCNP/CCIE,06人最近报名,,免费,共3节
//ke.qq.com/course/200080,高级服装打版制版纸样VIP课程录像,039人购买,山本教育,￥7.72,共5节
//ke.qq.com/course/200607,【公开课】小学生三年级英语阅读【金伟博】,554人最近报名,金伟博教育,免费,共2节
//ke.qq.com/course/200938,3DMAX效果图设计零基础入门系统录播视频,947人购买,,￥52.22,共6节
//ke.qq.com/course/203418,【每日更新】英语口语发音练习   每日免费更新并予以纠正发音,364人最近报名,e学苑在线教育,免费,共234节
//ke.qq.com/course/204932#term_id=100242600,袁辉网络班,3951人购买,袁辉,"￥5,162.22",共175节
//ke.qq.com/course/205047,2020给排水专业真题精粹飞跃班,3269人购买,,"￥3,162.22",2020-7-6开讲
//ke.qq.com/course/206570,proe（creo）零基础入门66例,406人最近报名,东湖教育,免费,共28节
//ke.qq.com/course/209885,大神教你轻松学插画—日系Q版到写实古风 · 匪萌十月基础课,9832人购买,绘梦CG学院,"￥5,052.22",开设2个班级
//ke.qq.com/course/209968#term_id=100516313,室内设计从【CAD施工图、工艺材料、方案预算、谈单沟通】到高级,5503人最近报名,,免费,共9节
//ke.qq.com/course/218013#term_id=100447541,java互联网阶段（阶段四）,405人购买,拓薪教育,"￥5,777.22",共57节
//ke.qq.com/course/21816#term_id=100337234,【VIP】CAD工程师制图直播答疑,75人最近报名,,免费,共2节
//ke.qq.com/course/222950,【VIP】《板绘基础》美术/手绘/绘画/电脑软件/PS/SAI/插画/原画,16人购买,润木艺术,￥776.22,共30节
//ke.qq.com/course/2243#term_id=100467824,室内施工图深化设计（CAD、预算、材料、工艺、现场）,545人最近报名,云艺帆教育,免费,共9节
//ke.qq.com/course/225618,【VIP】适合小白《彩铅基础》手绘/绘画/色彩/美术/排线条/质感,559人购买,润木艺术,"￥5,376.22",共48节
//ke.qq.com/course/225961,软件测试-零基础全栈就业班【乐搏学院】,068人购买,乐搏技术学院,"￥4,162.22",共114节
//ke.qq.com/course/229392,creator 0基础就业班+服务器进阶班,413人购买,博毅创为大学堂,￥762.22,共156节
//ke.qq.com/course/23097,室内方案设计手绘思维布局优化,596人最近报名,云艺帆教育,免费,共6节
//ke.qq.com/course/231470,如何轻松搞定Node.js  进阶全栈工程师必备高薪技能,67人最近报名,博为峰网校在线教育,免费,共8节
//ke.qq.com/course/232802,室内设计全套课程【CAD施工图、工艺材料、方案优化、软装谈单】,9559人最近报名,,免费,共10节
//ke.qq.com/course/234848,免费班（小儿推拿）,877人最近报名,袁辉,免费,共28节
//ke.qq.com/course/234985#term_id=100467824,昼夜诗文　第六季全新开播,5517人最近报名,杨洋,免费,共81节
//ke.qq.com/course/237038,园林景观设计进阶研修班（直接项目实战、一对一指导）,941人购买,秋凌景观设计,"￥8,376.22",2023-8-1开讲
//ke.qq.com/course/24069,3DMAX室内效果图实战（VR、LWF、灯光、材质、配饰、后期、写实）,333人最近报名,云艺帆教育,免费,共8节
//ke.qq.com/course/243244,高中数学 向量提分课必修四必会技巧+【微信】supermath987,804人最近报名,宋超,免费,共2节
//ke.qq.com/course/243737,必修五：数列概念强化—等差等比数列高二数学高考数学高中数学,307人最近报名,数学怪,免费,共5节
//ke.qq.com/course/244856,淘宝运营 店铺搜索玩法快速提升流量【优梯教育】,52人最近报名,优梯教育,免费,共2节
//ke.qq.com/course/245377,Java企业级工程师,8人最近报名,学神IT教育,免费,共10节
//ke.qq.com/course/246826,游戏原画实战就业班VIP,511人购买,米你课堂,￥122.22,进度：28/37节
//ke.qq.com/course/247239,2020年注册电气工程师（发输变电）专业考试教材深度研习班,5341人购买,,"￥5,666.22",随到随学
//ke.qq.com/course/248560,Android-基础学习示例,89人购买,喜科堂互联教育,￥7.72,共6节
//ke.qq.com/course/248624#term_id=100467824,会计实务：报税+做账+报表+发票+新政策+税务筹划+财务软件+答疑,158人最近报名,云财网校,免费,共38节
//ke.qq.com/course/249318,Rs·室内设计-全案设计班「谈单-方案-软装-材料工艺-施工图」,429人最近报名,若水学院,免费,共12节
//ke.qq.com/course/250355,室内设计教程-最新方案优化设计全套流程及SKB的使用【随到随学】,9108人购买,,￥7.72,共3节
//ke.qq.com/course/250565,注册结构工程师专业考试精讲班,100人购买,,"￥3,022.22",开设2个班级
//ke.qq.com/course/251029,千锋Vue组件之手机通讯录实战课程,16人最近报名,扣丁学堂,免费,共25节
//ke.qq.com/course/251222,python自动化+Py全栈+爬虫+Ai=python全能工程师-挑战年薪30万,5284人购买,马哥教育,"￥4,362.22",随到随学
//ke.qq.com/course/253087,大型分布式电商项目【领1000元优惠劵】,060人购买,拓薪教育,￥5.22,共7节
//ke.qq.com/course/253209,纯粹罗肖雯软装设计系统|室内设计师必学的配饰陈设|,082人最近报名,,免费,共39节
//ke.qq.com/course/255002,Unity3D(U3D)从零打造王者荣耀·第一季：Unity基础操作,108人最近报名,丁树凯,免费,共63节
//ke.qq.com/course/255019,婚礼摄影：让照片记录独一无二的爱情故事,058人购买,蜂鸟摄影微课堂,￥577.22,共7节
//ke.qq.com/course/255929,python人工智能全栈开发一期【千锋教育】,533人购买,扣丁学堂,"￥9,622.22",进度：88/88节
//ke.qq.com/course/257023,CorelDRAW 软件系统培训课CDR软件工作实战演习,3315人购买,野马设计学院,￥122.22,开设3个班级
//ke.qq.com/course/259274,【直播】京东关键词排名提升上首页 快车霸屏内容营销【齐论】,5301人最近报名,,免费,共11节
//ke.qq.com/course/260099,2018初级会计实务精讲班【菜子学院】,618人购买,,￥376.22,随到随学
//ke.qq.com/course/260263#term_id=100447541,JAVA互联网进阶架构师体验课_成就更有价值的你#【烛光学院】,5324人最近报名,烛光学院,免费,共47节
//ke.qq.com/course/261278,Spark基础及源码分析视频,08人购买,扣丁学堂,￥57.22,共16节
//ke.qq.com/course/264005,【云峰消防】2020消防工程师免费公开课,900人最近报名,云峰网校,免费,共9节
//ke.qq.com/course/266656,DevOps 工具链最佳实践,520人最近报名,李振良,免费,共6节
//ke.qq.com/course/267477,.Net架构师设计模式全套视频,181人购买,,￥76.22,共25节
//ke.qq.com/course/270266,Rhino 7犀牛 / KeyShot 9 产品设计建模渲染进阶班【卓尔谟教育】,101人购买,,"￥8,322.22",随到随学
//ke.qq.com/course/270615,Cinema 4D 电商特训班VIP,630人购买,云艺帆教育,"￥5,762.22",共5节
//ke.qq.com/course/273314,【公开课】少儿（小学）英语口语三字经免费公开课【金伟博】,56人最近报名,金伟博教育,免费,共2节
//ke.qq.com/course/273548,Java架构技术/微服务技术/互联网技术/架构师公开课【每特教育】,827人最近报名,每特教育,免费,共4节
//ke.qq.com/course/275794,Web安全/kali/黑客信息安全/网络安全/渗透/linux/编程语言/架构,5607人最近报名,,免费,共22节
//ke.qq.com/course/276809,原画人插画基础8期【时若可止、二戈】,038人购买,,"￥3,772.22",随到随学
//ke.qq.com/course/278150#term_id=100337234,短视频自媒体|新媒体赚钱揭秘，头条号|抖音|百家企鹅号趣头条,5179人最近报名,泛学苑自媒体,免费,共5节
//ke.qq.com/course/279601,山本教育情感恋爱学堂/她为何跟你分手？,395人购买,,"￥1,376.22",共5节
//ke.qq.com/course/279607,山本恋爱社交课堂-情感恋爱学堂,363人购买,,"￥9,762.22",共6节
//ke.qq.com/course/282299,3Dmax.maya.zbrush.次世代游戏建模【云普集游戏动漫学院】,5277人最近报名,,免费,共8节
//ke.qq.com/course/284246,【2020中级会计师3科】中级会计职称 初级会计师 CPA注册会计师,822人最近报名,一品老殷会计课,免费,共8节
//ke.qq.com/course/284865#term_id=100337234,AE C4D基础课程快速入门班,5572人购买,木客教育,￥3.62,共28节
//ke.qq.com/course/287130,快速提升学历/高起专/专升本/自考/成人高考/网络教育/,532人最近报名,动脑万卷学历教育,免费,进度：73/73节
//ke.qq.com/course/287319,SolidWorks2016每日一练(三维建模/建模思路/难易错剖析)-公开课,850人最近报名,乐仿,免费,共17节
//ke.qq.com/course/291162,【2020CPA6科】注册会计师 注会会计 中级会计师 初级会计师,011人最近报名,一品老殷会计课,免费,共12节
//ke.qq.com/course/291512#term_id=100337234,Solidworks机械动画-运动仿真-机械方案动画就业班,338人最近报名,云艺帆教育,免费,共6节
//ke.qq.com/course/293059,土建直播公开课1-广联达BIM预算案例实操【启程学院】,107人最近报名,启程学院,免费,共135节
//ke.qq.com/course/293061,安装直播公开课1-广联达BIM预算案例实操【启程学院】,027人最近报名,启程学院,免费,共142节
//ke.qq.com/course/293386,柠檬学院特邀嘉宾定期分享,3人最近报名,柠檬学院,免费,共1节
//ke.qq.com/course/294308,【精品】抖音快手Vlog引流吸粉自媒体|新媒体赚钱|大鱼号百家号,334人最近报名,榕意新媒体学院,免费,共2节
//ke.qq.com/course/297694,2019-中级会计.财务管理.经济法习题班,05人最近报名,得勤会计院,免费,共13节
//ke.qq.com/course/298950#term_id=100516313,【云鹤直通车上】30天直通车入门到精通，教你独立开车到专业水准,88人购买,卖盟学堂,￥377.22,共6节
//ke.qq.com/course/298961,Appium移动app自动化测试高手修炼班Vip体验班,87人最近报名,博为峰网校在线教育,免费,共1节
//ke.qq.com/course/299131,【齐论京东/专注京东培训】京东跨过稽查系统玩法,55人购买,,￥6.62,共1节
//ke.qq.com/course/299200,【齐论京东/专注京东培训】解密2018京东搜索权重的秘密,52人购买,,￥6.62,共1节
//ke.qq.com/course/299202,【齐论京东/专注京东培训】京东15天单词玩法流量破千,31人购买,,￥6.62,共1节
//ke.qq.com/course/305390,【2020初级会计师2科】初级会计职称初级会计实务 CPA中级会计师,512人最近报名,一品老殷会计课,免费,共15节
//ke.qq.com/course/30561#term_id=100467824,室内设计3Dmax建模、效果图实战之零基础到高级,585人最近报名,云艺帆教育,免费,共10节
//ke.qq.com/course/306909,【赠课】19高考语文一轮复习（上）：文学的发现,118人购买,杨洋,￥177.22,共9节
//ke.qq.com/course/308800,淘宝客实战特训营+卓让联盟VIP会员【卓让教育】,556人购买,卓让教育,"￥3,777.22",进度：10/10节
//ke.qq.com/course/308904,高低压电力成套设备维修VIP课程,921人购买,雄飞电气培训,￥166.22,共14节
//ke.qq.com/course/309466,【坤哥物理】中考初中物理从入门到学霸的方法,733人最近报名,坤哥物理,免费,共3节
//ke.qq.com/course/312472,马哥教育VIP学员直播-学员答疑+一对一辅导+实战分享（内部学员）,5672人购买,,"￥5,762.22",共20节
//ke.qq.com/course/312502,爱情恋爱技巧恋爱情商课,880人最近报名,,免费,共2节
//ke.qq.com/course/312805,野马学院【设计思维/VIS设计/Logo设计】VIP高级实战课程,5308人购买,野马设计学院,"￥3,262.22",开设3个班级
//ke.qq.com/course/313421,选修：椭圆概念综合—高中数学高考数学高二数学双曲线抛物线2-1,859人最近报名,数学怪,免费,共6节
//ke.qq.com/course/314344,Android进阶之布局 - 自定义View完全掌握系列二【HenCoder】,79人最近报名,扔物线学堂,免费,共4节
//ke.qq.com/course/314351,Android进阶之触摸反馈 - 自定义View完全掌握系列三【HenCoder】,520人最近报名,扔物线学堂,免费,共2节
//ke.qq.com/course/314533#term_id=100337234,【西瓜商学院】路遥私家打造爆款绝秘玩法,5万人购买,西瓜商学院,￥77.22,共4节
//ke.qq.com/course/315221#term_id=100447541,淘宝美工/电商设计/PS教程/平面/合成/海报/字体/修图/排版/调色,419人最近报名,杰视帮,免费,共15节
//ke.qq.com/course/315230#term_id=100467824,原画人零基础入门15期【苗苗】,036人购买,,￥272.22,随到随学
//ke.qq.com/course/315243,3Dmax.Maya.ZBrush次世代动漫游戏场景角色建模制作【极视教育】,836人最近报名,极视教育,免费,共19节
//ke.qq.com/course/317244,【爆款】1小时教你KA商家操作的2种成功方法【齐论】,5人最近报名,,免费,共2节
//ke.qq.com/course/317248,【爆款】深度解析您想知道的京东人为干预玩法【齐论】,5人最近报名,,免费,共2节
//ke.qq.com/course/320546,2020年环境影响评价师免费公开课,81人最近报名,华清陈工培训,免费,共10节
//ke.qq.com/course/322003,【VIP】30天教你做“网红讲师” 公开课讲师  微课  个人品牌打造,895人购买,网师学院,"￥5,376.22",共6节
//ke.qq.com/course/322853,JavaEE就业班（第四阶段）,507人购买,柠檬学院,"￥3,577.22",共17节
//ke.qq.com/course/324939,2020高考• 英语核心语法速成班,441人最近报名,快乐课堂 so easy,免费,共4节
//ke.qq.com/course/325969,纯粹-黄恺室内设计与平面布局户型优化（方案设计试学课）,484人购买,,￥52.22,进度：1/1节
//ke.qq.com/course/326613,PS教程 零基础入门 /摄影后期/精修/调色/风光 为课网校,5097人购买,,￥2.23,共10节
//ke.qq.com/course/327427,三层综合办公楼（量筋合一）-土建工程造价案例实操【启程学院】,3812人购买,启程学院,￥677.22,随到随学
//ke.qq.com/course/327534,Python全栈开发/爬虫/人工智能/机器学习/数据分析【扣丁学堂】,42人最近报名,扣丁学堂,免费,共2节
//ke.qq.com/course/329070,不止于就业前端技术|JavaScript底层核心|组件化开发|JS|Vue|Node,908人最近报名,妙思维JS++,免费,共27节
//ke.qq.com/course/331702,2019年初级经济法提升班，2019年经济法、2019初级,348人购买,畅格财税,￥76.22,共11节
//ke.qq.com/course/332755#term_id=100394969,PPTP格的正确玩法,83人购买,威领word excel ppt,免费,共8节
//ke.qq.com/course/332970,PS教程 PS淘宝美工 平面设计 海报设计/店铺装修/详情页 为课网校,5202人购买,,￥2.23,共3节
//ke.qq.com/course/333016,Workbench公开课,523人最近报名,乐仿,免费,共26节
//ke.qq.com/course/333216,“金三银四”一线大厂面试专题,5232人购买,享学课堂,"￥3,562.22",共22节
//ke.qq.com/course/333755,室内设计联盟 大话风水 系列课程  刘坤主讲,336人购买,室内设计联盟,￥111.22,开设2个班级
//ke.qq.com/course/334307,软件测试高薪就业速成班3-12期,546人购买,,"￥53,822",开设3个班级
//ke.qq.com/course/334463,会计上岗私塾班-40人小班教学,315人购买,,"￥5,377.22",共9节
//ke.qq.com/course/336472,电工维修课程答疑课，报名请联系微信：DQFX6666,47人最近报名,雄飞电气培训,免费,共1节
//ke.qq.com/course/336474,商业人像后期高级班 为课网校,5603人购买,,"￥3,977.22",随到随学
//ke.qq.com/course/336567,【录播】初中英语语法知识学习-跟海斌老师学语法 免费公开课加群,575人最近报名,e学苑在线教育,免费,共6节
//ke.qq.com/course/336623,html+css零基础7天入门【六星教育】,63人购买,杰越学院,￥7.72,共7节
//ke.qq.com/course/337833,存储HCIE大咖带你三个月高薪就业【誉天教育】,08人最近报名,誉天教育,免费,进度：62/62节
//ke.qq.com/course/3387,C4D/PS/CDR/AI新锐平面视觉设计 字体设计 logo设计 色彩版式,802人最近报名,云艺帆教育,免费,共6节
//ke.qq.com/course/34028,c4d电商实战/c4d电商设计/C4D电商装修/首页设计,563人最近报名,云艺帆教育,免费,共13节
//ke.qq.com/course/341536,【爆款】京东平台严查期间如何弯道超车上排名【齐论】,2人最近报名,,免费,共2节
//ke.qq.com/course/341537,自考本科【00023】高等数学（工本）通关秘籍【动脑学历教育】,04人最近报名,动脑万卷学历教育,免费,进度：4/4节
//ke.qq.com/course/341571,【爆款】5天实现京东首页为你推荐流量破千【齐论】,2人最近报名,,免费,共2节
//ke.qq.com/course/342349,【恩维客教育】室内设计装饰施工图录播课,425人购买,,￥7.72,共14节
//ke.qq.com/course/344885,初二、初三物理实验专项训练（教会方法➕ 传授思想）,370人最近报名,爱沃课教育,免费,共10节
//ke.qq.com/course/349354#term_id=100467824,C/C++入门到精通企业级项目实战,596人最近报名,,免费,共15节
//ke.qq.com/course/349356,Web前端开发高级工程师进阶班第九期【渡一教育】,545人购买,,"￥4,377.22",共12节
//ke.qq.com/course/349685,Linux云计算架构师进阶班-Docker-K8s-Devops-Openstack-1对1辅导,852人购买,,"￥1,772.22",进度：1/43节
//ke.qq.com/course/350191,【VIP】板绘日漫插画【合尚教育】,09人购买,合尚教育,"￥8,892.22",2020-3-3开讲
//ke.qq.com/course/350464,2020消防工程师：实务串讲班【云峰网校】,5742人购买,云峰网校,￥176.22,共13节
//ke.qq.com/course/352063,马哥linux教程-2019全新Nginx实战web服务企业实战,969人购买,,￥5.22,共1节
//ke.qq.com/course/352745,版式设计就这几招——最强版式设计课程（体验）,859人购买,品格设计课堂,￥53.72,共12节
//ke.qq.com/course/354425,【摄影】摄影零基础班-新版/张沛/录播/中艺,0294人购买,中艺影像,￥17.22,共20节
//ke.qq.com/course/354578,【摄影】品质操控-摄影基础/田红/录播/中艺,8680人购买,中艺影像,￥17.22,共20节
//ke.qq.com/course/354698,2019年浙江省公务员考试—笔试系统班,080人购买,思政教育,￥762.22,进度：49/49节
//ke.qq.com/course/354776,【VIP】CG原画/插画基础班,5996人购买,合尚教育,"￥8,412.22",进度：4/20节
//ke.qq.com/course/361021,【教书匠课堂】2020执业药师-药学综合知识与技能-历年真题班,95人最近报名,,免费,共4节
//ke.qq.com/course/362193,2020年软考系统集成项目管理工程师--基础知识 精讲免费视频,320人最近报名,小任老师,免费,共10节
//ke.qq.com/course/362917,学习新媒体运营教程|今日头条号培训百家号企鹅号自媒体短视频,01人最近报名,泛学苑自媒体,免费,共4节
//ke.qq.com/course/363002,字体设计方法及实战,630人购买,野马设计学院,￥762.22,共6节
//ke.qq.com/course/364348,人工智能商业实战AI深度学习/机器学习/Python/大数据_咕泡教育,986人最近报名,咕泡教育,免费,共10节
//ke.qq.com/course/365501,初中物理｜中考物理电学满分技巧课,102人最近报名,上课铃教育,免费,共4节
//ke.qq.com/course/365876,【官方推荐】红帽Linux认证RHCE基础班,800人购买,,￥377.22,2020-2-13开讲
//ke.qq.com/course/367218,新手7天百单 “年前弯道超车” 绝密技巧,503人购买,,￥7.72,共1节
//ke.qq.com/course/368697#term_id=100516313,Python人工智能精选集,563人最近报名,软谋教育,免费,共8节
//ke.qq.com/course/369668,软装设计之色彩美学,74人购买,室内设计联盟,￥177.22,开设2个班级
//ke.qq.com/course/371032,CLO服装3D打板/3D立裁试衣软件服装打板VIP,338人购买,山本教育,"￥5,922.22",进度：1/8节
//ke.qq.com/course/37111#term_id=100337234,UG塑胶模具设计入门到通精2D排位-3D分模全3D高级汽车模全套案例,018人最近报名,,免费,共11节
//ke.qq.com/course/371348,0基础构建Hadoop/Spark大数据平台【大讲台】,537人最近报名,大讲台,免费,共10节
//ke.qq.com/course/371612,【恩维客教育】3Dmax超写实效果图教程,372人购买,,￥7.72,共8节
//ke.qq.com/course/372625,Flink大数据项目实战公开课【大讲台】,75人最近报名,大讲台,免费,共6节
//ke.qq.com/course/373502#term_id=100467824,ps/ps电商设计/淘宝美工/ps教程/平面设计/海报/主图/详情页/精修,34人最近报名,,免费,共2节
//ke.qq.com/course/374485#term_id=100447541,初中物理｜2小时突破中考物理压强必考点,331人最近报名,上课铃教育,免费,共2节
//ke.qq.com/course/375599,Java零基础入门到精通--上[历史 运算符 语法结构 数组 面向对象],3955人最近报名,,免费,共16节
//ke.qq.com/course/375810#term_id=100447541,【精品录播】网校精品课英语零基础到中高考到四六级系统教学视频,527人购买,e学苑在线教育,"￥5,877.22",共187节
//ke.qq.com/course/376151,2020年中级会计师-会计实务-基础精讲班,987人购买,得勤会计院,￥462.22,共41节
//ke.qq.com/course/376729,2020公务员考试-资料分析,79人购买,诚真公考,￥822.22,开设2个班级
//ke.qq.com/course/377279,吴光科—MySQL数据库从入门到高级,192人购买,,￥76.22,共5节
//ke.qq.com/course/377567#term_id=100337234,项目经理带你-零基础学习C++【奇牛学院】,5270人最近报名,奇牛学院,免费,共35节
//ke.qq.com/course/378030,2020高考数学冲刺系列公开课,3627人最近报名,肖博教育,免费,共5节
//ke.qq.com/course/378153,UG产品设计结构设计开发,511人购买,,"￥8,562.22",进度：18/22节
//ke.qq.com/course/378289,CAD施工图/深化设计/室内设计/CAD应用/材料工艺/谈单预算,146人最近报名,本设教育,免费,进度：10/11节
//ke.qq.com/course/379938,搭建一个Kubernetes/K8S集群（kubeadm）,353人最近报名,李振良,免费,共2节
//ke.qq.com/course/380685#term_id=100536142,乐和京东VIP学习卡京东运营爆款打造零基础从入门到精通排名提升,9人购买,乐和京东学院,"￥5,977.22",共3节
//ke.qq.com/course/381228,C语言零基础入门到项目实战,5530人最近报名,顿开教育,免费,共56节
//ke.qq.com/course/382909#term_id=100447541,TestOps测试运维工程师#测试开发#持续集成#持续交付#持续测试,17人最近报名,TestOps 云层,免费,共72节
//ke.qq.com/course/383271,【齐论拼多多/专注电商培训】拼多多最新流量持续稳定上升玩法,806人购买,,￥866.22,共1节
//ke.qq.com/course/383326,零基础也可以复制的爆款玩法,323人购买,,￥566.22,共1节
//ke.qq.com/course/384978#term_id=100447541,品牌总监带你学字体设计,8986人购买,,￥77.22,共9节
//ke.qq.com/course/385016,【VIP课程学习卡】拼多多实战课零基础爆款打造,561人购买,晟睿多多学院,￥777.22,共9节
//ke.qq.com/course/386544,2019年初级会计实务精讲班,5202人购买,,￥576.22,共36节
//ke.qq.com/course/386822,【智能社】ES6精讲—ECMAscript6精通系列（基础篇）,5504人购买,【智能社】在线课堂,￥2.52,共6节
//ke.qq.com/course/387821,【齐论拼多多/专注电商培训】拼多多爱逛街活动阶梯式玩法,9人购买,,￥7.72,共1节
//ke.qq.com/course/387822,【齐论拼多多/专注电商培训】5分钟制作黄金标题引爆访客翻5倍,57人购买,,￥7.72,共1节
//ke.qq.com/course/387823,【齐论拼多多/专注电商培训】拼多多时尚穿搭活动阶梯式玩法,86人购买,,￥55.22,随到随学
//ke.qq.com/course/387827,【齐论拼多多/专注电商培训】仅需3步新手快速发布高权重宝贝,9人购买,,￥7.72,共1节
//ke.qq.com/course/387831,【齐论拼多多/专注电商培训】优质关键词组装标题引爆流量,0人购买,,￥7.72,共1节
//ke.qq.com/course/387832,【齐论拼多多/专注电商培训】三步打造拼多多高点击率创意图,6人购买,,￥7.72,共1节
//ke.qq.com/course/387835,【齐论拼多多/专注电商培训】拼多多四天出单七天访客破千,19人购买,,￥55.22,随到随学
//ke.qq.com/course/387839,【齐论拼多多/专注电商培训】最新搜索推广托价玩法3天降低PPC,56人购买,,￥55.22,随到随学
//ke.qq.com/course/387843,【齐论拼多多/专注电商培训】3招快速选出拼多多爆款货源技巧,19人购买,,￥55.22,随到随学
//ke.qq.com/course/387844,【齐论拼多多/专注电商培训】新店新品的基础权重打包战略,523人购买,,￥55.22,随到随学
//ke.qq.com/course/388066,【体验班】3Dmax室外建筑表现/效果图/建筑动画/PS后期/全模渲染,016人最近报名,艺点点教育,免费,共28节
//ke.qq.com/course/3883#term_id=100337234,CAD家具设计全屋定制家具板式实木室内设计衣柜橱柜酒柜测量拆单,947人最近报名,云艺帆教育,免费,共8节
//ke.qq.com/course/389050,西瓜爆款特训营——年度版,81人购买,西瓜商学院,"￥9,762.22",共7节
//ke.qq.com/course/389224,高中数学必修一 （高一数学—新课零基础篇）,904人最近报名,数学微课帮,免费,共24节
//ke.qq.com/course/389574,日本语零基础从发音到『听说读写』样样通【三文猫日语】,933人最近报名,三文猫,免费,共3节
//ke.qq.com/course/396693,造价速成班VIP体验课,68人最近报名,陈陈造价学院,免费,共8节
//ke.qq.com/course/397734#term_id=100467824,AI/CDR/PS/版式/字体/设计思维/色彩/包装/画册-平面设计进阶实战,5407人最近报名,红动优学教育,免费,共21节
//ke.qq.com/course/399300,AE/PR/短视频制作/UI动效/视频剪辑【直播】-51RGB在线教育,3554人最近报名,51RGB在线教育,免费,共6节
//ke.qq.com/course/399806,给排水工程-安装工程造价案例实操【启程学院】,5516人购买,启程学院,￥777.22,共15节
//ke.qq.com/course/399873,软件测试之Jmeter高级性能测试,675人购买,,￥922.22,开设4个班级
//ke.qq.com/course/400037#term_id=100119854,淘宝运营  如何快速打造高权重标题【思睿电商】,89人购买,思睿电商学院,￥57.72,共1节
//ke.qq.com/course/400402,执业兽医资格考试通关班-兽医药理学精选考点,99人最近报名,元牧教育,免费,共2节
//ke.qq.com/course/401299,【VIP-2年】付款链接 高级淘宝电商运营 新手入门【齐论教育】,618人购买,,"￥9,976.22",随到随学
//ke.qq.com/course/401390,线稿课程14期【墨非凡画坊】,570人购买,邓梦菲,"￥3,222.22",共14节
//ke.qq.com/course/401873,【牛津上海版公开课】六年级上册英语教材同步辅导课,17人最近报名,金伟博教育,免费,共2节
//ke.qq.com/course/402403,JAVA经典实战案例30讲【软谋教育】,8109人购买,,￥577.22,共3节
//ke.qq.com/course/402890,【VIP-1年】付款链接 淘宝店铺电商运营 新手入门【齐论教育】,62人购买,,"￥8,977.22",共5节
//ke.qq.com/course/403222,大学生软件测试新手零基础快速入门/拿下offer【柠檬班】,60人最近报名,,免费,共22节
//ke.qq.com/course/404365,Amazon广告课程：老于教你玩转亚马逊广告,3人购买,魔贝课凡,"￥5,376.22",共1节
//ke.qq.com/course/404886,平面设计必备字体设计/LOGO设计/海报合成实战应用【为课网校】,074人购买,,￥2.77,共3节
//ke.qq.com/course/404936,php进阶之MySQL-socket-rpc-workman-docker-swoole,16人最近报名,lampol,免费,进度：4/4节
//ke.qq.com/course/405574,必修一：函数基本概念与性质—高中数学高考数学高一数学春考对数,069人最近报名,数学怪,免费,共11节
//ke.qq.com/course/405686,全国自考物理(工)00420 前言(2020备考),9人最近报名,小周周老师,免费,共3节
//ke.qq.com/course/406897,【凉学长数学】2020高考数学公开课,5826人最近报名,蜜蜂优课,免费,共10节
//ke.qq.com/course/406898,2020高考地理一轮复习规划,948人最近报名,蜜蜂优课,免费,共5节
//ke.qq.com/course/410233#term_id=100447541,【VIP】CG日韩班-【合尚教育】,324人购买,合尚教育,￥962.22,2020-3-2开讲
//ke.qq.com/course/411256,5天再提20分—新高三数学冲刺特训营 sugar王梦抒,3638人购买,晨露课堂,￥2.77,共12节
//ke.qq.com/course/411633,Sketchbook Pro（SKB）手绘软件安装和激活,535人购买,,￥5.22,共1节
//ke.qq.com/course/412070,住宅方案设计—精英班,087人最近报名,室内设计联盟,免费,进度：71/71节
//ke.qq.com/course/412390,2019年-Centos7.6-Linux云计算集群架构师-中级VIP课程视频,9人最近报名,,免费,共3节
//ke.qq.com/course/412393,2019年-Centos7.6-Linux云计算集群架构师-高级VIP课程视频,35人最近报名,,免费,共3节
//ke.qq.com/course/414511#term_id=100447541,星炫2020高考英语化学生物高中理科提分冲刺+Q群531890090领福利,887人最近报名,星炫课堂,免费,共4节
//ke.qq.com/course/414780,2020年 HTML+CSS 零基础权威入学宝典,5295人最近报名,,免费,共11节
//ke.qq.com/course/415351,并发编程——Java并发系列【鲁班学院】,81人最近报名,鲁班学院,免费,共3节
//ke.qq.com/course/416025,RPC远程服务如何调用【鲁班学院】,80人最近报名,鲁班学院,免费,共3节
//ke.qq.com/course/418389,上色系统课课程15期,588人购买,邓梦菲,"￥3,222.22",共9节
//ke.qq.com/course/421023,全网最全最细的Jmeter接口测试压力课程实战，没有之一【柠檬班】,3348人购买,,￥176.22,共113节
//ke.qq.com/course/422626,独立音乐人训练—编曲（音乐制作）公开直播课,130人最近报名,乐才派,免费,进度：6/6节
//ke.qq.com/course/422645#term_id=100467824,Java开发/大数据/微服务/SpringBoot/SSM框架/mysql数据库/分布式,898人最近报名,灵犀教育,免费,共63节
//ke.qq.com/course/424545#term_id=100467824,大鹏生物系列直播课,302人最近报名,大鹏生物,免费,共2节
//ke.qq.com/course/425008,新疆-土建-土建计量GTJ2018,571人最近报名,广联达建筑课堂,免费,进度：5/5节
//ke.qq.com/course/425063,哈尔滨-安装-安装算量GQI2019,596人最近报名,广联达建筑课堂,免费,进度：6/6节
//ke.qq.com/course/425134,川西十大绝美秘境独家介绍,8244人最近报名,蜂鸟摄影微课堂,免费,共20节
//ke.qq.com/course/425564,河南-安装-安装算量2019,534人最近报名,广联达建筑课堂,免费,进度：17/17节
//ke.qq.com/course/425608,Linux运维架构/云计算/centos7/keepalived+LVS-DR集群/学神,81人最近报名,,免费,共1节
//ke.qq.com/course/425722,【智能社】从零开始认识Vue. js(I)——公开课，试听课,090人最近报名,【智能社】在线课堂,免费,共7节
//ke.qq.com/course/425758,Java分布式电影预告小程序后台,72人购买,享学课堂,￥966.22,共22节
//ke.qq.com/course/425819,Flutter小白入门到实战全新教程(2019),821人最近报名,米修在线,免费,共15节
//ke.qq.com/course/425850,掌控安全小课合集/kali/黑客信息安全/网络安全/渗透/linux/ctf,417人购买,,￥2.52,共6节
//ke.qq.com/course/426387,液化气站-安装工程造价案例实操【启程学院】,483人购买,启程学院,￥677.22,共9节
//ke.qq.com/course/427777,2020高考生物重点难点解题技巧总结【博叔生物】,531人最近报名,星炫课堂,免费,共3节
//ke.qq.com/course/428342,【北京峰源】注册岩土工程师专业考试培训公开课,057人最近报名,,免费,进度：9/9节
//ke.qq.com/course/429157,长春-土建-土建计量GTJ2018,300人最近报名,广联达建筑课堂,免费,进度：8/8节
//ke.qq.com/course/429314,【真人视频】零基础日语入门必备：五十音图,053人最近报名,三文猫,免费,共2节
//ke.qq.com/course/429389#term_id=100516313,Java响应式编程【马士兵教育】,332人最近报名,,免费,共1节
//ke.qq.com/course/429609,电商美工实战班-设计精选必学【腾讯课堂认证机构】,5497人购买,,"￥3,662.22",共18节
//ke.qq.com/course/430431,深圳-土建-土建计量2018,587人最近报名,广联达建筑课堂,免费,进度：8/8节
//ke.qq.com/course/431121#term_id=100447541,全国-安装-安装计量GQI2019,333人最近报名,广联达建筑课堂,免费,进度：24/24节
//ke.qq.com/course/431642,初二生物八年级生物最新课程同步精讲,550人最近报名,灏学在线,免费,共1节
//ke.qq.com/course/432375#term_id=100516313,2020护士资格证考试零基础精讲课（刘本胜老师权威护资辅导）,764人购买,刘本胜,￥811.22,共113节
//ke.qq.com/course/432516,大力汽修学院 电路基础培训班,3101人购买,大力汽修学院,￥362.22,共82节
//ke.qq.com/course/433036,【自兴AI】人工智能实战进阶班,14人购买,自兴Ai,"￥7,562.22",共62节
//ke.qq.com/course/433224#term_id=100447541,实用艺术签名速成法（简单易学）,0人购买,硬笔书法培训,￥376.22,共7节
//ke.qq.com/course/434090#term_id=100119854,广东-安装-安装计量2019,576人最近报名,广联达建筑课堂,免费,进度：5/5节
//ke.qq.com/course/435605,HashMap和ConcurrentHashMap原理详解【原理详解】,595人最近报名,,免费,共6节
//ke.qq.com/course/435757,市政录播试听课（二阶）-工程造价案例实操【启程学院】,15人最近报名,启程学院,免费,共7节
//ke.qq.com/course/435758,园林录播试听课（一阶）-工程造价案例实操【启程学院】,05人最近报名,启程学院,免费,共3节
//ke.qq.com/course/435847,R语言入门生信应用基础课程,17人最近报名,生信自学网,免费,共12节
//ke.qq.com/course/436126#term_id=100516313,华为认证HCNA/HCIA网络技术零基础教程（全套技术+实战+案例）,398人最近报名,新盟教育,免费,共18节
//ke.qq.com/course/437506,【齐论】91%的新手卖家不知道的电商盈利真相,542人购买,,￥2.77,共2节
//ke.qq.com/course/437638,7天访客快速飙升实战玩法,81人购买,,￥5.22,共1节
//ke.qq.com/course/437825,拼多多四步走教你新品快速起流量,09人购买,,￥5.22,共1节
//ke.qq.com/course/437958,json-Python自动化测试-项目实战-/测试开发/接口/性能【学神IT】,31人购买,学神IT教育,"￥1,462.22",进度：1/25节
//ke.qq.com/course/438132,零基础学习PS板绘插画、UI设计,482人最近报名,米你课堂,免费,进度：1/1节
//ke.qq.com/course/438469,零基础闲鱼无货源月入一万+,564人最近报名,卓让教育,免费,共2节
//ke.qq.com/course/438729,服装设计服装工程服装制版纸样-针织收腰短袖扭结连衣裙教程,52人购买,山本教育,￥1.22,共1节
//ke.qq.com/course/439570,朱伟老师的人生思考 Part3 - WeLearn · Talk Like TED,30人购买,朱伟·韦林文化传播有限公司,￥37.72,共9节
//ke.qq.com/course/439900,VIP淘宝运营系列实操课程,588人购买,欧太友商学院,"￥8,762.22",随到随学
//ke.qq.com/course/440036#term_id=100447541,上海-土建-土建2018,502人最近报名,广联达建筑课堂,免费,进度：9/9节
//ke.qq.com/course/440182#term_id=100447541,2020方案作图公开课-19电影院解析与相关-一级注册建筑师,76人最近报名,陈曦,免费,共6节
//ke.qq.com/course/441122,长春-安装-安装计量GQI2019,544人最近报名,广联达建筑课堂,免费,进度：7/7节
//ke.qq.com/course/441169,【游一男】2020年二建二级建造师考试入门预习直播课,5343人最近报名,酒泉游一男文化传播中心,免费,共7节
//ke.qq.com/course/442956,BIM考试-图学会考试报名指导,83人最近报名,小筑教育,免费,共3节
//ke.qq.com/course/445451,二级造价师-计量与计价实务（土木建筑）-精讲阶段【启程学院】,00人购买,启程学院,￥677.22,进度：5/5节
//ke.qq.com/course/445711,Java零基础入门到精通（Spring/Mybatis/数据库/多线程/MVC）,982人最近报名,灵犀教育,免费,共50节
//ke.qq.com/course/447001#term_id=100516313,Redis使用精髓-微博与微信如何用Redis巧妙构建,366人最近报名,,免费,共6节
//ke.qq.com/course/447007,Java分布式电影预告小程序后台实战项目【鲁班学院】,11人购买,鲁班学院,"￥5,362.22",共21节
//ke.qq.com/course/447281,完蛋！一上高中物理成绩就暴跌！别怕！一线名师领你入门！,300人最近报名,王羽课堂,免费,共3节
//ke.qq.com/course/447548,分布式架构-Redis高并发分布式锁,311人最近报名,,免费,共5节
//ke.qq.com/course/447667#term_id=100337234,原画人伪厚涂插画11期【醒爷】,02人购买,,"￥9,172.22",进度：8/12节
//ke.qq.com/course/447748,家装设计方案优化系统课程（SKB手绘、户型改造、设计思路）,967人购买,,￥7.72,共12节
//ke.qq.com/course/447907,BIM录播试听课【启程学院】,88人最近报名,启程学院,免费,共4节
//ke.qq.com/course/448011#term_id=100423390,CAD短期速成教程（随到随学，持续更新中）,915人购买,,￥7.72,共14节
//ke.qq.com/course/448022,不到百天高考物理提分40+，到底是哪个名师如此厉害？,877人最近报名,王羽课堂,免费,共10节
//ke.qq.com/course/448450#term_id=100536142,2020高考乘风语文—“直击高考命脉”之文学素养培优课,5359人购买,晨露课堂,￥2.77,共9节
//ke.qq.com/course/448621,【VIP】国画工笔入门系统课【合尚教育】,37人购买,合尚教育,￥762.22,进度：9/16节
//ke.qq.com/course/448947#term_id=100337234,武百分2020乡村全科执业助理医师考点精讲班,74人购买,武百分教育,￥476.22,共38节
//ke.qq.com/course/449768,基于Docker构建企业Jenkins CI平台,536人最近报名,李振良,免费,共1节
//ke.qq.com/course/450513,MySQL读写分离,300人最近报名,,免费,共6节
//ke.qq.com/course/450675,张梅高考高中化学同分异构体数目判断与书写秒杀技巧,853人最近报名,张梅氢松化学,免费,共2节
//ke.qq.com/course/450806,（一）工程造价必修课【计价体系与逻辑，90%学员的困惑在这里】,5274人购买,起步造价实操,"￥5,077.22",随到随学
//ke.qq.com/course/451126,C/C++ 零基到大神精讲(C++17最新标准/游戏编程/项目实战),5113人最近报名,易道云学院,免费,共18节
//ke.qq.com/course/452267,《高级女装制版全套深造技术》第二期VIP一班级直播回放视频,509人购买,艺服教育,"￥5,876.22",共72节
//ke.qq.com/course/452367,初级入门精讲直播体验课,1人最近报名,艾蜗壳,免费,共7节
//ke.qq.com/course/455246,考霸录播试听课【启程学院】,89人最近报名,启程学院,免费,共8节
//ke.qq.com/course/456436#term_id=100467824,武百分2020执业/助理医师资格考试心血管系统考点精讲,5762人购买,武百分教育,￥47.22,共12节
//ke.qq.com/course/456591,netty内置解决tcp粘包拆包的几种常见方案【鲁班学院】,05人最近报名,鲁班学院,免费,共3节
//ke.qq.com/course/456878,【直播】人教版初中英语九年级全册 同步教材系统精讲冲刺中考,331人最近报名,e学苑在线教育,免费,共3节
//ke.qq.com/course/457300,2020江西教师招聘学科（音乐）专业知识精讲课程,87人购买,江西高校教育文化发展有限公司,￥762.22,共44节
//ke.qq.com/course/458863,2020麦街注册测绘师学习指南,394人最近报名,麦街网,免费,共14节
//ke.qq.com/course/459831,国和【桥梁工程精讲之小桥涵】道勘大咖孙家驷老师主讲,544人购买,国和网校,￥5.22,进度：1/1节
//ke.qq.com/course/460125,SpringBoot整合Dubbo服务治理【免费学习】,68人最近报名,每特教育,免费,共6节
//ke.qq.com/course/461651,申论大作文寒假批改班,55人购买,,"￥8,762.22",进度：5/9节
//ke.qq.com/course/461836,武百分2020执业/助理医师资格考试泌尿系统考点精讲,5194人购买,武百分教育,￥17.22,共11节
//ke.qq.com/course/463750#term_id=100467824,【思睿电商】 2020年终冲刺班,014人购买,思睿电商学院,"￥8,162.22",进度：17/25节
//ke.qq.com/course/463904,亚健康人群常见疾病精品课,3964人购买,黄晓晨,￥922.22,共1节
//ke.qq.com/course/465745,H5大前端全栈提升VIP就业班直播课（八期）,36人购买,扣丁学堂,"￥4,362.22",进度：4/23节
//ke.qq.com/course/466059,2020省考-片段阅读,566人购买,,￥122.22,随到随学
//ke.qq.com/course/466320,高考英语高中英语高三英语阅读理解满分大招 高亮老师,636人最近报名,高亮老师,免费,共2节
//ke.qq.com/course/467704,BIM政策解读：“1+X”证书制度解读及考试全解,35人最近报名,小筑教育,免费,共2节
//ke.qq.com/course/467734,2020公务员省考笔试全程系统班,64人购买,尚政公考,￥662.22,进度：3/10节
//ke.qq.com/course/468168,2019隧道工程真题解读 国和网校,91人最近报名,国和网校,免费,共1节
//ke.qq.com/course/468205,2020省考-逻辑判断,519人购买,,￥622.22,随到随学
//ke.qq.com/course/469726,【巨皇】拼多多开店教程拼多多卖家如何选择入驻店铺类型,3人购买,,￥2.23,共1节
//ke.qq.com/course/469727,【巨皇】拼多多新手开店流程拼多多商家个人店铺入驻流程,53人购买,,￥2.23,共1节
//ke.qq.com/course/469730,【巨皇】拼多多开店教程拼多多商家企业店铺入驻流程,0人购买,,￥2.23,共1节
//ke.qq.com/course/469734,【巨皇】拼多多新手开店拼多多店铺如何设置店铺名,3人购买,,￥2.29,共1节
//ke.qq.com/course/469737,【巨皇】拼多多新手教程拼多多开店保证金如何设置,5人购买,,￥2.29,共1节
//ke.qq.com/course/469741,【巨皇】拼多多店铺发布商品如何设置运费模板,2人购买,,￥2.77,共1节
//ke.qq.com/course/469750,【巨皇】拼多多开店商品发布在哪里操作,3人购买,,￥2.52,共1节
//ke.qq.com/course/469751,【巨皇】拼多多店铺发布商品如何填写商品基本信息,5人购买,,￥2.99,共1节
//ke.qq.com/course/469760,【巨皇】拼多多店铺发布商品如何填写商品基本信息2,5人购买,,￥2.66,共1节
//ke.qq.com/course/469771,【巨皇】拼多多开店发布商品如何设置商品规格与库存,3人购买,,￥2.11,共1节
//ke.qq.com/course/469779,【巨皇】拼多多店铺发布商品如何设置服务与承诺,2人购买,,￥2.11,共1节
//ke.qq.com/course/469783,【巨皇】拼多多新手开店教程拼多多店铺经营如何对账,2人购买,,￥2.52,共1节
//ke.qq.com/course/469787,【巨皇】拼多多新手开店教程拼多多店铺后台介绍,2人购买,,￥5.62,共1节
//ke.qq.com/course/469791,【巨皇】拼多多新手开店拼多多店铺如何设置子账号,2人购买,,￥2.16,共1节
//ke.qq.com/course/469797,【巨皇】拼多多新手开店教程拼多多店铺物流服务指标,5人购买,,￥2.56,共1节
//ke.qq.com/course/469801,【巨皇】拼多多店铺售后服务指标,2人购买,,￥2.56,共1节
//ke.qq.com/course/469802,【巨皇】拼多多新手开店教程拼多多店铺客服服务指标,2人购买,,￥2.56,共1节
//ke.qq.com/course/469803,【巨皇】拼多多新手开店教程拼多多店铺店铺DSR指标,0人购买,,￥2.56,共1节
//ke.qq.com/course/471373,【齐论拼多多/专注电商培训】正确运营思路 明悟篇基础实操课,6人购买,,￥2.36,共1节
//ke.qq.com/course/471656#term_id=100423390,2020二级建造师机电工程管理与实务教材精讲班【云峰网校】,1人购买,云峰网校,￥22.22,进度：7/26节
//ke.qq.com/course/472120,未来教育二级ms office上机考试题库视频解析,3万人最近报名,未来教育,免费,共33节
//ke.qq.com/course/472283,Java互联网架构师之设计模式精讲,913人最近报名,,免费,共11节
//ke.qq.com/course/474610,学神Linux高薪运维云计算全程班/全程直播/终身学习/一对一辅导,86人购买,学神 IT 教育,"￥1,742.22",进度：1/62节
//ke.qq.com/course/475235,老姐问鼎状元：138分训练营【加微信kaomiaomiao领资料】,3142人最近报名,乐考喵,免费,共2节
//ke.qq.com/course/475247,2020初级护师资格考试学习规划和导学,342人最近报名,夏桂新医护课堂,免费,进度：2/2节
//ke.qq.com/course/475343,【第八期直播】PS/Ai软件零基础到实训班级,886人购买,,￥77.22,进度：4/30节
//ke.qq.com/course/475496,【博为峰】软件测试国际权威认证ISTQB2018版考纲培训VIP体验,55人购买,博为峰网校在线教育,￥5.22,共4节
//ke.qq.com/course/476788,恋词序列一：全真题源报刊词汇7000词（女生版）（书+课）,38人购买,朱伟·韦林文化传播有限公司,￥42.22,共30节
//ke.qq.com/course/476848,69届TOPIK公开课,418人最近报名,世宗韩语网校,免费,共3节
//ke.qq.com/course/56881,【直播】英语语法知识学习-跟海斌老师学语法 免费直播公开课,628人最近报名,e学苑在线教育,免费,共6节
//ke.qq.com/course/6074,【录播】英语口语发音技巧入门课程《自然拼读法》Steve老师主讲,926人最近报名,e学苑在线教育,免费,共2节
//ke.qq.com/course/62618,.NET高级开发VIP特训班【软谋教育】,5021人购买,,"￥9,077.22",共77节
//ke.qq.com/course/74899,【艾巴优教育】3DMAX建模效果图 CAD VRAY PS cr室内设计家装工装,5060人最近报名,,免费,共6节
//ke.qq.com/course/81048#term_id=100337234,【直播】零基础手绘漫画插画试听课【合尚教育-HESUN】美术绘画,912人最近报名,合尚教育,免费,共5节
//ke.qq.com/course/85032,【直播】书法/国画试听课【合尚教育-HEUSN】美术书法,392人最近报名,合尚教育,免费,共5节
//ke.qq.com/course/8726#term_id=100337234,【渲染课】3Dmax室外建筑效果图建筑表现/建筑设计/渲染/PS后期,892人最近报名,云艺帆教育,免费,共9节
