agency,custom,price,task,title
博为峰网校在线教育,拼团,¥2.23,共4节,【博为峰】软件测试国际权威认证ISTQB2018版考纲培训VIP体验
毕老师·消防全攻略,737人购买,¥5.22,共5节,【毕老师·消防全攻略】2020消防工程师入门课
博为峰网校在线教育,506人最近报名,免费,共5节,【博为峰】软件测试国际权威认证ISTQB2018版考纲培训免费咨询
熊梅军,15人最近报名,免费,共4节,逆寒技术作图—试听课
六星教育,643人最近报名,免费,共32节,Web前端开发(HTML/CSS/javaScript/Vue/React/Node)
Rhino3D（犀牛）原厂中国/Shaper3d,93人最近报名,免费,共4节,Rhino3D（犀牛）工具讲解与应用课程合集免费章节
"卓尔谟教育,认证",109人购买,¥8322.22,随到随学,Rhino 7犀牛 / KeyShot 9 产品设计建模渲染进阶班【卓尔谟教育】
齐论跨境学院,5705人最近报名,免费,共4节,"【直播】亚马逊3大引爆流量技巧,不懂英语也能爆单【齐论】"
"六星云课堂,认证",0093人最近报名,免费,共35节,Python零基础快速就业到高级工程师/网络爬虫/人工智能/商业项目
云龙课堂,536人最近报名,免费,共19节,3Dmax多边形建模系列
"渡一教育,认证",3953人最近报名,免费,共16节,Java零基础入门到精通--上[历史 运算符 语法结构 数组 面向对象]
"涵品教育,认证",386人最近报名,免费,共12节,PS淘宝美工PS教程 抠图/产品精修/主图/海报/详情页 就业实战答疑
学神IT教育,31人购买,¥1462.22,进度：1/25节,json-Python自动化测试-项目实战-/测试开发/接口/性能【学神IT】
e学苑在线教育,37人最近报名,免费,共10节,【直播】外研版初中英语七年级上册 同步教材精讲精练 可试听
"涵品教育,认证",549人最近报名,免费,共1节,PS/PS教程/摄影后期/人像精修/液化/上妆/调色/0基础到精通
河北翻译培训学院,554人最近报名,免费,共15节,人教版初中英语七年级上册知识点讲解课程
"六星教育,认证",5781人最近报名,免费,进度：13/15节,PHP7进阶到架构-Laravel/Redis/Swoole/高并发分布式【六星教育】
"太阁IT认证中心,认证",60人最近报名,免费,进度：7/7节,CCNA安全思科网络工程师
"卓尔谟教育,认证",320人购买,¥8322.22,随到随学,工业产品设计手绘基础马克笔表现实战班【卓尔谟教育】
马哥教育,189人最近报名,免费,共7节,python基础教程-马哥7天共学Python入门基础课程
e学苑在线教育,83人最近报名,免费,共4节,【直播】外研版初中英语七年级上册 知识点梳理语法词汇精讲
抵岸教育,2人购买,¥5622.22,课程4,20省考冲刺+申论精讲
蜜蜂优课,63人最近报名,免费,共1节,【坤哥物理】初升高如何学好高中物理？听坤哥这样说
宋超,5234人最近报名,免费,共13节,高考数学那些神奇解题大招大汇总一
小六子网络美术学院,527人最近报名,免费,共10节,【PS】小白零基础入门教程
"图灵学院,认证",67人最近报名,免费,共4节,spring aop底层实现asm剖析【图灵学院】
"原画人在线学院,认证",52人购买,¥9172.22,进度：2/5节,原画人欧美卡通角色设计1期【铁匠】
北京华尔思网络实验室,41人最近报名,免费,进度：16/17节,华为认证HCIA初级网络工程师（蔡老师带你从零开始学网络工程师）
郑臣亮,5818人最近报名,免费,共9节,零基础数据分析与挖掘——Python实战课程
蜂鸟摄影微课堂,2人购买,¥0777.22,课程6,职业摄影师实战就业班
Jacky,582人最近报名,免费,共8节,2020一级建造师项目管理系统精讲（包括2019一建管理真题）
张老师,69人最近报名,免费,共3节,手把手教财务人员“写简历+应对面试”系统课程
"软谋教育,认证",9872人购买,¥9077.22,随到随学,.NET高级开发VIP班
依依老师,65人最近报名,免费,共17节,2020高考化学难点突破
上元语言网校,500人最近报名,免费,共3节,【直播】高中应试英语 名师精讲 快速提分【上元网校】
魔贝课凡,125人购买,¥76.22,共10节,Amazon亚马逊排名要素初窥、爆款打造技巧【卖家揭秘】
鸿图学院,694人最近报名,免费,共2节,【鸿图学院】Creo/Proe产品设计【曲面/结构/钣金/仿真】免费讲解
"大娃火焱社,认证",105人最近报名,免费,共7节,【火焱社直播】淘宝数据化运营解析手淘首页、免费流量5天破千
"原画人在线学院,认证",193人购买,¥0472.22,随到随学,原画人绘画进阶12期 【玉梨子，重渡】
云艺帆教育,72人最近报名,免费,共14节,定制家具3DMAX室内设计整装建模效果图CAD全屋板式衣柜橱柜护墙
上元语言网校,388人最近报名,免费,共2节,国内考试公共英语三级 PETS3BEC 自考 成人高考一网打尽
"云艺帆教育,认证",505人购买,¥022.22,共18节,CAD制图全能【出图1001个技巧】配套习题
动脑学院,594人最近报名,免费,共24节,Python开发/自动化/网络爬虫/运维/从入门到精通【动脑学院】
"艾巴优教育,认证",883人最近报名,免费,共7节,室内设计师-家装工装-方案优化/建材施工/工程预算/谈单沟通
腾讯课堂NEXT学院,03人购买,¥077.22,共18节,【NEXT学院】Java全栈开发商业小程序
"张工教育,认证",39人最近报名,免费,共2节,勘察设计注册工程师-公共基础公开课
"图灵学院,认证",68人最近报名,免费,共4节,Redis高并发分布式锁~Redisson框架实现分布式锁【图灵学院】
乐搏技术学院,582人购买,¥1462.22,开设4个班级,软件测试-Python自动化提升班【乐搏学院Web/APP/接口自动化】
"张工教育,认证",19人最近报名,免费,共9节,2019注册道路工程师执业资格考试备考专业考试公开课
"图灵学院,认证",300人最近报名,免费,共5节,Zookeeper集群原理【图灵学院】
弦韵未来,2人购买,¥76.22,课程5,林耀基小提琴教学法讲堂
"卓尔谟教育,认证",320人最近报名,免费,共9节,Rhino犀牛工业设计产品建模基础快速入门【卓尔谟教育】
"柠檬班,认证",70人最近报名,免费,共6节,【柠檬班】软件测试常用工具
"晴教育,认证",307人购买,¥122.22,进度：59/59节,2020国考行测冲刺课
爱咖邦智造学院,107人最近报名,免费,共15节,Solidworks非标机械设计公开课
尖锋数学,819人最近报名,免费,共6节,高考数学技巧公开课
逻辑教育,32人购买,¥6662.22,课程5,iOS 中高级训练营V7.0
顶昇教育,337人最近报名,免费,共9节,高考英语高中英语高分满分词汇语法完型阅读写作提分
凯途教育,509人最近报名,免费,共13节,零基础跟我学Creo/proe
学呀教育.,4人购买,¥9662.22,课程3,UG塑胶模具设计全科班
凯途教育,325人最近报名,免费,共41节,Solidworks 机械产品非标设计课程 凯途教育
云财网校,136人最近报名,免费,共4节,2020初级会计职称VIP协议班介绍
霍格沃兹测试学院,642人购买,¥4222.22,随到随学,Python 自动化测试开发系统进阶课程_霍格沃兹测试学院
"新盟教育,认证",37人最近报名,免费,共5节,Linux运维教程之SSHd服（上）
"张工教育,认证",69人最近报名,免费,共11节,一级注册建筑师公开课
启程学院,3132人购买,¥5577.22,随到随学,框剪商住综合体预算-土建工程造价案例实操【启程学院】
"涵品教育,认证",355人最近报名,免费,共1节,PS/PS教程/摄影后期/人像精修/影楼 海景 调色/电影色调合成
蜜蜂优课,878人购买,¥977.22,课程4,【坤哥物理】高二下期全套含3-3  电磁感应动量热学
"涵品教育,认证",591人最近报名,免费,共1节,PS/PS淘宝美工/ps基础/新手入门/产品精修/调色思路/精修方法
咕泡教育,551人最近报名,免费,进度：3/3节,Go语言Golang入门至高级/micro/channel/goroutine/PHP区块链咕泡
"图灵学院,认证",514人最近报名,免费,共7节,深入理解内存模型与多线程结果-jvm模型
拓薪教育,542人购买,¥8777.22,共67节,Java分布式互联网架构/微服务/高性能/springboot/springcloud
"逻辑教育,认证",14人最近报名,免费,共7节,HOOK原理解析
咕泡教育,90人最近报名,免费,共21节,软件测试Python/性能/接口/安全/自动化软件测试零到精通【咕泡】
深圳学立行教育科技有限公司,0人购买,¥9222.22,课程7,2Ｄ/3Ｄ/ＡＦ/ＤＦ包
杭州驭宝网络技术有限公司,167人最近报名,免费,进度：7/10节,【驭宝电商】高效打造单品爆款，专注淘内免费流量运营十年
言传声教,786人最近报名,免费,进度：6/9节,法语零基础入门进阶课堂
云艺帆教育,3976人购买,¥3962.22,进度：3/5节,CAD家具设计实战（室内板式定制家具衣柜橱柜酒柜-测量拆单报价）
方谊华,39人最近报名,免费,共1节,电气设计提高班
北京朴易教育科技有限公司,7人购买,¥5571.22,课程2,中考高考高分必备语法
方谊华,94人最近报名,免费,共1节,电气工程师-电工-二建培训班
大圣老师,71人最近报名,免费,共5节,【知守消防】【2020公开课】一级注册消防工程师免费0基础学习
"米你课堂,认证",18人最近报名,免费,共9节,7天挑战设计集训营
中艺影像,8670人购买,¥17.22,共6节,【摄影】人像摄影构图及应用/田德友/录播/中艺
"图灵学院,认证",41人最近报名,免费,共5节,区块链 - 比特币挖矿是怎么回事？
声思文化教育发展有限公司,079人购买,¥776.22,共47节,声思英语VIP课程
"图灵学院,认证",539人最近报名,免费,共6节,Alibaba双十一万亿级消息中间件RocketMQ实战
"涵品教育,认证",550人最近报名,免费,共1节,PS/PS淘宝美工/新手入门/抠图技巧/基础操作/思路讲解/抠图教程
"图灵学院,认证",552人最近报名,免费,共5节,双十一电商秒杀系统性能优化实战
"柠檬班,认证",550人购买,¥53622,开设3个班级,python高级软件测试开发第1-3期【柠檬班VIP】
"图灵学院,认证",587人最近报名,免费,共6节,分布式专题-亿级流量商品详情静态化与多级缓存实战【图灵学院】
"新盟教育,认证",30人最近报名,免费,共14节,HuaWei R-S
"原画人在线学院,认证",56人购买,¥9172.22,进度：8/10节,原画人美宣插画7期【本命虎】
享学课堂,11人最近报名,免费,共1节,Spring Cloud微服务实战直播答疑
"图灵学院,认证",531人最近报名,免费,共4节,基于docker构建MySQL集群
云艺帆教育,8838人购买,¥3162.22,共6节,正式-室外建筑表现建筑设计-效果图3dmax+Photoshop渲染后期VIP班
云艺帆教育,567人最近报名,免费,共13节,c4d电商实战/c4d电商设计/C4D电商装修/首页设计
"齐论教育,认证",853人最近报名,免费,共5节,【爆款】新店如何快速赚钱 零基础操作淘宝开店运营技巧【齐论】
扣丁学堂,36人购买,¥4362.22,共82节,网络安全/服务安全/代码安全/渗透测试【千锋教育】
"原画人在线学院,认证",469人最近报名,免费,共45节,日韩插画/漫画/素描：头像人体服装设计/小白课堂【原画人玄璃】
"张工教育,认证",348人最近报名,免费,共51节,注册岩土工程师专业考试免费公开课
柠檬学院,限时,¥2.77,开设3个班级,PS设计课-3节直播（粉丝福利）
"张工教育,认证",898人最近报名,免费,共20节,注册电气工程师（供配电）专业考试免费公开课
"太阁IT认证中心,认证",153人最近报名,免费,共29节,六IE认证专家 闫辉 教你真正的CCNA全套课程/CCNP/CCIE
北京跨学网教育科技有限公司,7人购买,¥347.22,课程2,高二物理同步精讲
云艺帆教育,891人最近报名,免费,共20节,零基础学CAD制图 60天独立出图
"松勤软件测试,认证",161人最近报名,免费,共17节,【松勤】软件测试从基础到高级全栈课程
三文猫,08人购买,¥9362.22,课程2,0-N2精讲班【三文猫】
晨露课堂,050人最近报名,免费,共8节,2020高考生物极速提升满分攻略--宿阳
"原画人在线学院,认证",512人最近报名,免费,共27节,CG游戏原画绘画：头像五官基础理论上色/菜鸟必学【原画人荣荣】
武百分教育,3286人购买,¥77.22,共11节,武百分2020执业/助理医师资格考试消化系统考点精讲
"六星教育,认证",021人最近报名,免费,共37节,Java零基础入门到精通/JavaWEB开发/Java全栈开发【六星教育】
"新盟教育,认证",5562人最近报名,免费,共33节,木泉boss-Linux高级架构师 挑战30W年薪 运维/集群/云计算
【智能社】在线课堂,1人购买,¥5976.22,课程2,【智能社】精通vue.js开发-第二期
云艺帆教育,5311人最近报名,免费,进度：3/3节,Office办公软件商务文秘必学，WPS-Word-Excel-PPT（函数表格）
西瓜商学院,8468人购买,¥8762.22,共9节,西瓜爆款特训营——年度版
云艺帆教育,533人最近报名,免费,共22节,UG编程实战 产品零件及模具UG数控编程入门到精通
"松勤软件测试,认证",809人最近报名,免费,共6节,Jmeter性能测试实战（试听课）
"原画人在线学院,认证",023人最近报名,免费,共43节,ps美术原画设计/绘画：同人线稿动漫设计/入门课堂【原画人荣荣】
"山本教育,认证",380人购买,¥8662.22,共7节,女神情感课堂-山本情感恋爱学堂VIP会员课程
武百分教育,334人最近报名,免费,共8节,2019临床执业医师/助理医师心血管系统
原画人在线学院,573人最近报名,免费,共1节,原画人SAI教程
威领word excel ppt,砍价,免费,共85节,Excel2016常用函数实操教程
武百分教育,543人最近报名,免费,共16节,2019临床执业医师/助理医师女性生殖系统
"张工教育,认证",83人最近报名,免费,共6节,注册环保工程师专业考试公开课
"松勤软件测试,认证",5122人购买,¥1462.22,随到随学,软件测试之python自动化测试2(web自动化+app自动化+接口自动化）
"张工教育,认证",18人最近报名,免费,共12节,注册一级建筑师公开课
"峰源教育,认证",80人最近报名,免费,进度：1/1节,【北京峰源】暖通设计公开课
卖盟学堂,83人购买,¥377.22,共6节,【云鹤直通车上】30天直通车入门到精通，教你独立开车到专业水准
"涵品教育,认证",538人最近报名,免费,共1节,ps/ps电商设计/淘宝美工/ps教程/平面设计/趣味PS零基础轻松学
"米你课堂,认证",90人最近报名,免费,共10节,平面设计总监直播课
瑞云学堂,071人购买,¥376.22,共19节,2020年中级会计师职称考试【中级财务管理-精讲班】 名师授课
"图灵学院,认证",526人最近报名,免费,共5节,并发编程核心框架AQS之独占锁原理详解【图灵学院】
"渡一教育,认证",47人最近报名,免费,共2节,IT行业职业发展之路
学呀教育.,8人购买,¥6666.22,课程5,UG产品+模具全科班
"米你课堂,认证",96人最近报名,免费,共4节,免费PS摄影后期 修图/调色/人像/风景/商业/合成/原创大师提升班
新盟教育,17人最近报名,免费,共1节,CCNA网络精品课之交换机基础原理
朱有鹏物联网大讲堂,37人购买,¥829.22,课程20,U-Boot和系统移植套餐
"马士兵老师,认证",40人最近报名,免费,共1节,超级小白编程入门
软谋教育,11人最近报名,免费,共2节,Web前端高级之javascript/js进阶实战【软谋教育】
志学鸿途教育学院,5人购买,¥127.22,课程3,土木复试全程土力学和混凝土结构设计原理
"柠檬班,认证",01人最近报名,免费,共2节,软件测试之常用bug管理系统【柠檬班】
"软谋教育,认证",528人最近报名,免费,共40节,C#/.Net从入门到实战(MVC/Winform/Sql/WPF/Ado.Net/WCF/零基础)
魔贝课凡,391人购买,¥8777.22,课程11,SEO+大咖系列课程包
新盟教育,551人最近报名,免费,共13节,华为HCNA/HCIA网络工程师全套实战教程（零基础小白入门到精通）
"张工教育,认证",44人最近报名,免费,共2节,注册电气工程师-专业基础公开课
晨露课堂,338人购买,¥977.22,共20节,2020高考物理一轮电磁学系统班
金鼎天成梓宁韩国语,683人最近报名,免费,共28节,韩语零基础学发音
方谊华,63人最近报名,免费,共1节,电气设计---七彩课堂
蜜蜂优课,2人购买,¥5566.22,课程7,【坤哥物理】高二全年同步课 选修3-1 3-2 3-3 3-4 3-5
跟我学教育,526人最近报名,免费,进度：9/12节,山东专升本计算机(2008-2019)真题最新考纲在线精讲QQ群149178806
艾巴优教育,88人最近报名,免费,共20节,PS+C4D /淘宝美工/PS教程+网店装修+电商设计 平面设计 艾巴优
扣丁学堂,55人购买,¥577.22,共7节,杨哥Linux云计算系列④：自动化运维CobblerSaltstack Ansible
"恩维客教育,认证",79人最近报名,免费,共6节,【恩维客教育】3Dmax室内设计效果图
"峰源教育,认证",727人购买,¥5.22,随到随学,[北京峰源]2019注册消防考试入门+专题解析班
北京跨学网教育科技有限公司,82人购买,¥837.22,课程2,高一物理同步精讲
思睿电商学院,3963人最近报名,免费,共9节,淘宝运营/免费流量/搜索排名/直通车玩法/数据化运营【思睿电商】
合尚教育,350人最近报名,免费,共15节,彩铅零基础到精通试听课【合尚教育-HESUN】美术绘画
"山本教育,认证",343人购买,¥872.22,2020-2-11开讲,山本教育素云VIP第九期恋爱技巧-基础班
张老师,336人最近报名,免费,共3节,《小规模纳税人全盘账》（做账、报表、报税）会计实操试听课
小任老师,514人购买,¥77.22,共156节,2020软考--网络工程师-上午历年真题解析视频（第三期）
张老师,857人最近报名,免费,共6节,小规模+一般纳税人+报税+内控会计实操全盘账上岗
茶树网学院,500人最近报名,免费,共18节,PS人像影楼/商业修图/摄影/精修/后期/人像精修
博毅创为大学堂,596人最近报名,免费,共10节,LayaAir2.0全栈开发
中艺影像,0294人购买,¥17.22,共20节,【摄影】摄影零基础班-新版/张沛/录播/中艺
米你课堂,855人购买,¥2.72,进度：10/22节,PS/AI训练营
大娃火焱社,523人最近报名,免费,共13节,【火焱社跨境】跨境电商速卖通aliexpress搜索优化公开课
生物岳老师,62人购买,¥5077.22,课程4,2020生物全套一轮二轮
"涵品教育,认证",03人最近报名,免费,共1节,PS/PS教程/摄影后期/人像精修/调色 合成 基础工具教学/思路解析
"米你课堂,认证",86人最近报名,免费,共1节,PS设计师资源课程
完颜形象教育,356人购买,¥77.22,共16节,女神服装风格(线下+线上）
原画人在线学院,338人最近报名,免费,共3节,原画人PS教程
"太阁IT认证中心,认证",545人最近报名,免费,共11节,小闫Sir带你学习HCIA、HCIP、HCIE直通车课程
光影学院,613人购买,¥3762.22,随到随学,摄影高级进阶VIP班
合尚教育,801人最近报名,免费,共9节,【直播】素描绘画试听课【合尚教育】美术绘画彩铅水彩油画漫画
思睿电商学院,359人最近报名,免费,共3节,数据化运营/淘宝运营/免费引流/免费流量/搜索排名/直通车新玩法
北京跨学网教育科技有限公司,52人购买,¥391.22,课程2,高三高考数学总复习
"齐论教育,认证",92人最近报名,免费,共2节,【爆款】淘宝手淘搜索原创秘籍、7-14天流量爆破【齐论】
武百分教育,10人最近报名,免费,共5节,武百分2018乡村全科执业助理医师考试免费课堂
乐搏技术学院,897人购买,¥4162.22,随到随学,软件测试-零基础全栈就业班-【乐搏学院23-31期】
"起点学院,认证",584人最近报名,免费,共1节,技术转产品，技术思维是阻力还是助力？
武百分教育,557人最近报名,免费,共5节,2019临床执业医师/助理医师考试代谢、内分泌系统
晨露课堂,416人购买,¥5977.22,共76节,2020高考数学一轮复习系统班 sugar 王梦抒
"起点学院,认证",72人最近报名,免费,已结束,原阿里运营总监：运营3大核心思维
"齐论教育,认证",11人最近报名,免费,共2节,【爆款】淘宝直通车如何选词、提高直通车质量得分 【齐论】
"菜子学院,认证",3389人购买,¥076.22,开设8个班级,初级会计职称-精讲班：经济法基础
"巨皇教育,认证",98人最近报名,免费,共2节,【巨皇教育】新手必学！竞店夺权抢占1小时，10000+访客流量
"起点学院,认证",339人最近报名,免费,共4节,Axure大作战-产品新人的原型学习营
合尚教育,517人购买,¥5862.22,进度：12/25节,【VIP】速写基础-传统向漫画向【合尚教育】
云艺帆教育,60人最近报名,免费,共3节,PS/C4D/AI/CDR平面设计 VI视觉识别 色彩版式 画册排版  logo设计
"起点学院,认证",558人最近报名,免费,共5节,学习新媒体运营精品课 | 新媒体运营的从0到1
武百分教育,5719人购买,¥47.22,共15节,武百分2020执业/助理医师资格考试呼吸系统考点精讲
武百分教育,348人最近报名,免费,共6节,2019临床执业医师/助理医师考试消化系统
优梯教育,5859人购买,¥76.22,共2节,【优梯教育】首页新趋势，精准标签玩法拉爆百万个性化流量
武百分教育,355人最近报名,免费,共12节,2019临床执业/助理医师呼吸系统
"六星教育,认证",099人最近报名,免费,共14节,Java架构师技术栈/微服务/分布式/高并发/性能优化【六星教育】
"起点学院,认证",813人最近报名,免费,共3节,0基础文案体验营——3天打开文案思维，提升工作表现
六星教育,02人购买,¥9662.22,进度：12/25节,web全栈开发-企业级开发专题【六星教育】
云艺帆教育,384人最近报名,免费,共9节,Rhino犀牛6快速入门
"原画人在线学院,认证",955人最近报名,免费,共41节,日系古风插画/绘画：同人头像立绘/零基础到精通【原画人雪梨】
"火焱社拼多多商学院,认证",913人购买,¥3762.22,进度：10/10节,【火焱社拼多多】拼多多实战运营实战课程零基础打造爆款
云艺帆教育,386人最近报名,免费,共4节,CAD制图【轻松3H搞定CAD制图】
"太阁IT认证中心,认证",595人最近报名,免费,共26节,闫辉  创新思科华为双厂商网络基础融合课程CCNA+HCNA=XCNA
江西高校教育文化发展有限公司,394人购买,¥762.22,共40节,2020江西教师招聘学科（小学数学）专业知识精讲课程
"六星教育,认证",349人最近报名,免费,共66节,C/C++入门到精通实战
"松勤软件测试,认证",033人最近报名,免费,共10节,松勤Python自动化测试（测试开发）全栈课程-试听课
"智源教育学院,认证",8054人购买,¥3862.22,共15节,平面设计大师班
"不惑教育,认证",5508人最近报名,免费,共25节,2020年一级注册消防工程师公开宣讲课
"原画人在线学院,认证",045人最近报名,免费,共15节,游戏/插画/绘画/漫画：同人怪物材质细化/新手必学【原画人玄璃】
蒋老师过级,5087人购买,¥82.22,共153节,Ps学了就用/Photoshop零基础到精通/合成/调色/ps动画/滤镜
"齐论教育,认证",323人最近报名,免费,共2节,【爆款】打爆单品/访客破万/免费流量/低价引流/日出千单【齐论】
晨露课堂,158人最近报名,免费,共3节,2020高考数学抢跑夺分攻略（微信sugarmath666）
"柠檬班,认证",163人购买,¥4162.22,随到随学,软件测试从小白到高手全程班【柠檬班】第66-60期
"米你课堂,认证",338人最近报名,免费,共4节,PS摄影后期大师课 人像精修/调色/风景/合成/商业修图/色彩原理
软谋教育,020人最近报名,免费,共2节,Web前端高级 html5/css3/javascript/vue/react/node/es6/webpack
Excel学习乐园,55人购买,¥356.22,课程2,VBA初级+提高系列课程
"学神IT教育,认证",859人最近报名,免费,共19节,json-Python自动化运维开发-Openstack/Ansible/docker【学神IT】
"柠檬班,认证",拼团,¥37.22,共113节,全网最全最细的Jmeter接口测试压力课程实战，没有之一【柠檬班】
"学神IT教育,认证",174人最近报名,免费,共25节,MK-Linux高级运维 大师级课程 云计算 mysql数据库 centos7
"火焱社拼多多商学院,认证",5553人最近报名,免费,共3节,【火焱社拼多多】新手小白15天快速打造爆款实战分享
学神IT教育,368人最近报名,免费,共20节,RHCA-RHCE认证考试+红帽官方授权+Linux架构师【学神IT】
鲁班学院,8320人购买,¥4962.22,开设2个班级,Java架构师VIP课程
学神IT教育,873人最近报名,免费,共8节,json-Python自动化测试-项目实战-自动化测试/测试开发/接口/性能
"聚心恒教育,认证",882人最近报名,免费,共44节,免费 摄影后期/影楼 精修 调色 风景 人像 合成 商业修图--聚心恒
"晴教育,认证",55人购买,¥8762.22,进度：4/9节,申论大作文寒假批改班
"峰源教育,认证",522人最近报名,免费,共7节,高层结构设计实战班公开课
"山本教育,认证",808人购买,¥5976.22,进度：1/3节,山本教育素云VIP第九期恋爱技巧-完美情人班
峰源教育,93人最近报名,免费,共1节,【北京峰源】装配式结构设计实战公开课
"逻辑教育,认证",533人最近报名,免费,共1节,iOS中高级底层探究
软谋教育,500人最近报名,免费,共4节,web前端学习之Javascript/js零基础到经典实战【软谋教育】
齐论跨境学院,46人购买,¥8977.22,共2节,【齐论】Shopee虾皮VIP学习卡（一年）
米你课堂,64人最近报名,免费,共12节,游戏原画/角色原画/场景原画/零基础30天入门/总监一对一带你学
"图灵学院,认证",354人最近报名,免费,共6节,Spring MVC源码剖析【图灵学院】
FUN视觉  雷波,52人购买,¥876.22,课程22,A7R Ⅱ摄影入门到精通
咕泡教育,592人最近报名,免费,共1节,"Tomcat源码剖析分布式架构性能优化Tomcat,Java架构师_咕泡学院"
"渡一教育,认证",340人最近报名,免费,共1节,原生JS扫雷游戏实战开发【渡一教育】
好摄帮课堂,2人购买,¥0662.22,课程4,摄影后期全科班+人像摄影全能班
"图灵学院,认证",352人最近报名,免费,共6节,性能调优专题-Java虚拟机性能调优与底层原理分析
"马士兵老师,认证",587人最近报名,免费,共5节,简明JDBC教程
蜂鸟摄影微课堂,87人购买,¥77.22,共7节,闪光灯/基础/摄影/用光 闪光灯实用技巧篇
"智源教育学院,认证",587人最近报名,免费,共6节,PS设计课/电商美工/详情页/装修/抠图/调色/合成/精修免费特训营
云艺帆教育,10人最近报名,免费,共28节,Creo/Proe建模曲面-产品设计（外观/结构/开模图/工程图/有限元）
王国君,2人购买,¥5376.22,课程5,老照片修复[全套]课程
"起点学院,认证",549人最近报名,免费,共3节,超值赠送课：高级产品经理教你做好项目管理工作
动脑学院,5307人购买,¥4562.22,进度：16/16节,软件测试—零基础全程就业课程【动脑学院】
"起点学院,认证",357人最近报名,免费,共1节,如何构建数据产品经理的业务、数据、产品能力三角
"齐论教育,认证",37人最近报名,免费,共9节,【爆款】0基础打造盈利店铺 超级蓝海爆款快速出单【齐论】
"起点学院,认证",501人最近报名,免费,共1节,数据产品经理求职攻略，老师带你破解面试关键点
"巨皇教育,认证",5万人购买,¥16.22,共4节,【巨皇教育】手淘首页淘宝小卖家，获取上万访客秘籍运营实操课程
"原画人在线学院,认证",10人最近报名,免费,共3节,CG厚涂插画： 角色人体结构设计/零基础到精通【原画人十七】
"齐论教育,认证",542人最近报名,免费,共2节,【爆款】零基础也能玩的复制爆款法淘宝开店运营技巧【齐论】
北京跨学网教育科技有限公司,7人购买,¥11.22,课程2,初二英语语法专题
"齐论教育,认证",565人最近报名,免费,共8节,【爆款】淘宝开店运营新品快速7天访客破千细权重增权法【齐论】
新盟教育,05人最近报名,免费,共3节,思科全套模拟器讲解 思科认证网络工程师 CCNA/CCNP/CCIE
"晴教育,认证",564人购买,¥122.22,随到随学,2020省考-片段阅读
"图灵学院,认证",48人最近报名,免费,共5节,美团架构师解密千万级高并发红包系统架构
"张工教育,认证",89人最近报名,免费,共2节,注册岩土工程师-专业基础公开课
思睿电商学院,58人购买,¥8162.22,2020-2-26开讲,2020年淘宝运营冲刺班
新盟教育,85人最近报名,免费,共1节,CCNA网络精品课之VLAN
"菜子学院,认证",8539人购买,¥976.22,共22节,2019年中级财务管理精讲班
新盟教育,83人最近报名,免费,共1节,CCNA网络精品课之IP地址
"涵品教育,认证",529人最近报名,免费,共1节,PS/PS淘宝美工/ps基础/新手入门/设计思路/创意合成/PS轻松学
逻辑教育,84人最近报名,免费,共10节,Java互联网架构师
"起点学院,认证",001人购买,¥077.22,共87节,Axure原型实战班（系统学习最新的Axure9.0，已有5000+同学学习）
咕泡教育,001人最近报名,免费,共1节,"Spring核心原理剖析,手写Spring,Java架构师进阶【咕泡学院】"
周哥教IT,2人购买,¥576.22,课程20,周哥教IT.逆向基础课包
咕泡教育,5939人最近报名,免费,共31节,突破年薪40W#Python入门到实战【咕泡教育】
"渡一教育,认证",873人最近报名,免费,共29节,Web前端入学宝典【渡一教育】
"米你课堂,认证",563人最近报名,免费,共4节,UI UE 设计 PS APP设计 网页设计 交互设计 AE动效 网页代码
"菜子学院,认证",865人购买,¥5777.22,开设2个班级,无忧就业会计精英私塾2班
"张工教育,认证",575人最近报名,免费,共13节,注册勘察设计工程师基础系列公开课
"图灵学院,认证",312人最近报名,免费,共6节,MySQL读写分离
转折点教育,33人购买,¥5977.22,课程3,2020高中数学寒春冲刺营
咕泡教育,154人最近报名,免费,共10节,人工智能商业实战AI深度学习/机器学习/Python/大数据_咕泡教育
逻辑教育,8394人最近报名,免费,共39节,python开发入门与职业进阶
亚空学堂,5人购买,¥3166.22,共11节,【淘宝系统化运营】90天成长计划
米你课堂,949人最近报名,免费,共5节,PS零基础到实战，电商美工/平面设计/UI设计！
新盟教育,365人最近报名,免费,共18节,华为认证HCNA/HCIA网络技术零基础教程（全套技术+实战+案例）
小任老师,89人购买,¥060.22,课程3,软考软件设计师套餐
软谋教育,562人最近报名,免费,共8节,Python人工智能精选集
"图灵学院,认证",822人最近报名,免费,共6节,Redis使用精髓-微博与微信如何用Redis巧妙构建
艺服教育,946人购买,¥5376.22,随到随学,高级女装制版全套深造技术--VIP三班级【艺服在线教学】
软谋教育,918人最近报名,免费,共2节,Web前端高级进阶必备之Vue.js全家桶【软谋教育】
"云艺帆教育,认证",128人最近报名,免费,共9节,CAD全能制图班（出图、建模、布局、渲染）【今晚直播】
三文猫,58人购买,¥1762.22,课程3,0-N1精讲班【三文猫】
拓薪教育,5070人最近报名,免费,共51节,Java零基础入门到年薪30W（java基础  java入门教程  javase）
"恩维客教育,认证",5859人最近报名,免费,共9节,室内设计从【CAD施工图、工艺材料、方案预算、谈单沟通】到高级
合尚教育,5991人购买,¥8412.22,进度：4/20节,【VIP】CG原画/插画基础班
"涵品教育,认证",171人最近报名,免费,共1节,Ps/ps基础/新手入门/抠图小技巧/调色方法/精修技巧
"渡一教育,认证",5556人最近报名,免费,共11节,2020年 HTML+CSS 零基础权威入学宝典
蓝巴教育,58人购买,¥3977.22,课程3,C4D电商视觉全能班
咕泡教育,318人最近报名,免费,共11节,HTML+CSS Web前端开发工程师快速入门必备课程【咕泡】
"峰源教育,认证",002人最近报名,免费,进度：9/9节,【北京峰源】注册岩土工程师专业考试培训公开课
蜜蜂优课,595人购买,¥977.22,课程4,【坤哥物理】高二下期全套含3-4  电磁感应动量光学
逻辑教育,055人最近报名,免费,共12节,Python核心编程基础
"马士兵老师,认证",1172人最近报名,免费,共23节,马士兵/java/python/AI/从零到年薪百万
拓薪教育,515人购买,¥877.22,开设4个班级,PS教程/PS图像合成/电商美工/零基础到精通/合成技巧
"聚心恒教育,认证",8953人最近报名,免费,共38节,PS淘宝美工免费班/PS教程+网店装修+主图海报+PS设计 平面设计 PS
"张工教育,认证",77人最近报名,免费,共5节,注册消防工程师公开课
刘本胜,拼团,¥811.22,共113节,2020护士资格证考试零基础精讲课（刘本胜老师权威护资辅导）
"图灵学院,认证",366人最近报名,免费,共5节,分布式架构-Redis高并发分布式锁
咕泡教育,364人最近报名,免费,共1节,"JVM面试专题分享,Jvm调优java高级,Java架构师进阶【咕泡学院】"
"火焱社拼多多商学院,认证",3839人购买,¥97.22,共1节,拼多多运营361计系列课程
"峰源教育,认证",995人最近报名,免费,进度：18/18节,【北京峰源】土建工程造价（招投标预结算 识图 手算 广联达GTJ）
咕泡教育,004人最近报名,免费,共29节,大数据Hadoop离线/实时数据处理机器学习Flink/Spark/Storm_咕泡
腾讯课堂NEXT学院,75人购买,¥3777.22,共105节,【NEXT学位 x IMWeb】Web前端从小白到大师基础课程
新盟教育,163人最近报名,免费,共37节,10年经验 康sir - 8天学会实战型CCNA课程/CCNP/CCIE
"张工教育,认证",375人最近报名,免费,共31节,注册结构工程师专业考试免费公开课
深柳堂设计学院,2人购买,¥0212.22,课程2,室内设计全套课程
"峰源教育,认证",5623人最近报名,免费,共24节,【北京峰源】注册结构工程师专业考试培训公开课
"渡一教育,认证",821人最近报名,免费,共1节,原生js贪吃蛇游戏实战开发【渡一教育】
泛学苑自媒体,015人购买,¥8576.22,共22节,泛学苑自媒体新媒体短视频撸收益第八期VIP内容创作全方位进阶班
艾巴优教育,374人最近报名,免费,共30节,（直播+视频）室内设计3DMAX建模-家装工装效果图制作CAD-PS-VRAY
"恩维客教育,认证",3031人最近报名,免费,共13节,【恩维客教育】室内设计/3Dmax/PS/Vray写实效果图从零基础到高级
齐论跨境学院,436人购买,¥8977.22,共2节,【齐论跨境/专注跨境培训】亚马逊VIP学习卡（一年）
拓薪教育,651人最近报名,免费,共33节,PS教程/淘宝美工/C4D/AI/平面设计/电商美工/Photoshop/UI设计
"齐论拼多多学院,认证",3875人最近报名,免费,共3节,【直播】拼多多新手7天快速打造爆款玩法【齐论】
"聚心恒教育,认证",807人购买,¥3122.22,随到随学,摄影后期/影楼 精修 调色 风景 人像 合成 商业修图/全能班 聚恒
"掌控安全学院,认证",189人最近报名,免费,共5节,Kali渗透全方位实战/黑客/linux/网络安全/攻防/漏洞挖掘
酒泉游一男文化传播中心,5899人最近报名,免费,共7节,【游一男】2020年二建二级建造师考试入门预习直播课
齐论跨境学院,508人购买,¥4576.22,随到随学,【VIP-2年】付款链接 快速选择精品专注跨境培训实操课程【齐论】
三扣老师日语课堂,98人最近报名,免费,共7节,「kokoko老师」高考日语各地日语卷免费直播
山本教育,814人最近报名,免费,共7节,服装手绘手稿设计/服装水彩画/彩铅插画服装手绘插画-公开课直播
霍格沃兹测试学院,拼团,¥52222,共47节,中高级测试开发「名企定向培养」班-霍格沃兹测试学院
"艾巴优教育,认证",502人最近报名,免费,共31节,商业3dmax建筑漫游动画Vray-AE-艾巴优教育
北京卓铭助力教育科技有限公司,387人最近报名,免费,共29节,【直播】2020高考数学知识点全面梳理班
百聚汇商学院,311人购买,¥7622.22,课程13,亚马逊特训班VIP套课
野马设计学院,5876人最近报名,免费,进度：6/8节,平面设计零基础到精通
"牙典教育,认证",543人最近报名,免费,共7节,牙典教育-2020口腔执业（助理）医师实践技能六站详解免费公开课
杨洋,112人购买,¥177.22,共9节,【赠课】19高考语文一轮复习（上）：文学的发现
"米你课堂,认证",450人最近报名,免费,共11节,直播- 商业插画、平面设计、UI设计、电商C4D、美工logo
腾讯课堂NEXT学院,552人购买,¥5977.22,共38节,【NEXT学院】Vue从入门到实战
米你课堂,608人最近报名,免费,进度：1/1节,零基础学习PS板绘插画、UI设计
"峰源教育,认证",956人最近报名,免费,共19节,【北京峰源】一级注册结构/岩土工程师基础考试免费公开课
"张工教育,认证",356人最近报名,免费,共32节,注册给排水工程师专业考试免费公开课
乐搏技术学院,10人购买,¥0776.22,进度：6/14节,软件测试管理层人才Leader精英班【乐搏学院】
"吾思教育,认证",653人最近报名,免费,共7节,UG/NX产品设计体验课【今晚直播】造型/工程图/装配/仿真分析
"米你课堂,认证",5340人最近报名,免费,进度：3/4节,第四期 | UI设计入门训练营 【直播】（插画，APP，交互，产品）
FUN视觉  雷波,2人购买,¥876.22,课程22,5D3摄影入门到精通
蜜蜂优课,472人最近报名,免费,共7节,2020高考政治一轮复习规划
"原画人在线学院,认证",925人最近报名,免费,进度：33/34节,CG游戏/Q版/原画设计：角色概念设计人体透视/名师亲授【原画人】
尚政公考,304人购买,¥362.22,进度：6/6节,2019国考笔试高频刷题【第四期】
"六星教育,认证",5247人最近报名,免费,进度：30/32节,PHP7开发/web前端/MySQL/THINKPHP/YII2/TP5框架【六星教育】
"火焱社拼多多商学院,认证",9913人最近报名,免费,共3节,【火焱社拼多多】拼多多实战分享金牌运营新手店铺爆款布局
"云艺帆教育,认证",9713人购买,¥622.22,随到随学,CAD制图全能【第一阶段.启航班】
"学神IT教育,认证",629人最近报名,免费,共19节,Kali安全渗透+Web白帽子高级工程师+黑客攻防-腾讯课堂认证课程
"云艺帆教育,认证",681人最近报名,免费,共30节,UG编程实战 产品零件及模具UG数控编程入门到精通
北京跨学网教育科技有限公司,7人购买,¥547.22,课程3,高二数学同步精讲
"软谋教育,认证",89人购买,¥5.22,进度：1/1节,JAVA实战班体验课【软谋教育】
动脑学院,5747人最近报名,免费,共31节,【VIP限时体验】50W年薪Java高并发分布式架构课【动脑学院】
菜子学院,587人购买,¥5362.22,课程5,中级经济法通关保障B
"晴教育,认证",5240人最近报名,免费,共16节,2020公务员省考笔试公开课【晴教育公考】
"软谋教育,认证",315人最近报名,免费,共6节,C#/.NET核心语法精讲【软谋教育】
青岛天士元健康管理咨询有限公司,373人购买,¥8722.22,共12节,小儿推拿必修精品课程
涵品教育,360人最近报名,免费,共10节,PS教程 免费 PS电商美工/排版/配色/合成/海报设计/产品精修/详情
"软谋教育,认证",5248人最近报名,免费,共16节,Python/爬虫/人工智能/TensorFlow/机器学习/Django/图像识别
筑城网校,2人购买,¥5376.22,课程10,二级机电备考合集
"峰源教育,认证",098人最近报名,免费,共53节,【北京峰源】结构设计（混凝土、钢结构、注册、装配式 、超限）
"涵品教育,认证",48人最近报名,免费,共3节,PS/PS电商设计/淘宝美工/PS教程 抠图/产品精修/主图/海报/详情页
瑞云学堂,5887人购买,¥77.22,共18节,2018初级会计师职称考点+习题班送真题原题库软件名师王成瑶
灵犀教育,981人最近报名,免费,共50节,Java零基础入门到精通（Spring/Mybatis/数据库/多线程/MVC）
沃尔夫CCIE实验室,545人最近报名,免费,共39节,WOLF实验室CCNA全套经典课程-为零基础、初学者量身打造
"智源教育学院,认证",5096人购买,¥3862.22,共4节,C4D+Octane高级电商美工3D立体设计实训【高薪提升进阶班】
妙思维JS++,947人最近报名,免费,共28节,不止于就业前端技术|JavaScript底层核心|组件化开发|JS|Vue|Node
王羽课堂,5404人最近报名,免费,共12节,高考化学不用愁，名师带你成学霸
米你课堂,8876人购买,¥8462.22,进度：4/26节,商业插画设计实战班【VIP】
大讲台,127人最近报名,免费,共4节,Java架构/大数据/Hadoop/Flink/Spark/Python/机器学习【大讲台】
将军学院,099人最近报名,免费,共14节,将军学院-平面设计 PS教程 淘宝美工 店铺装修 photoshop 抠图
西瓜商学院,5万人购买,¥77.22,共4节,【西瓜商学院】路遥私家打造爆款绝秘玩法
云财网校,612人最近报名,免费,共30节,Excel2013从入门到精通 实用技巧 函数公式 透视表【云财网校】
一品老殷会计课,048人最近报名,免费,共12节,【2020CPA6科】注册会计师 注会会计 中级会计师 初级会计师
"学神IT教育,认证",389人购买,¥1872.22,共24节,Kali安全渗透+Web白帽子高级工程师+黑客攻防-腾讯课堂认证课程
烛光学院,5032人最近报名,免费,共44节,JAVA互联网进阶架构师体验课_成就更有价值的你#【烛光学院】
e学苑在线教育,600人最近报名,免费,共7节,【直播】英语语法知识学习-跟海斌老师学语法 免费直播公开课
黄埔课堂,35人购买,¥5776.22,课程43,HTML5前端+全栈从基础到就业班
王羽课堂,3235人最近报名,免费,共38节,高中数学成绩还在中低层徘徊？这样高考可不行！
诚真公考,095人最近报名,免费,共9节,公务员面试公开课（适用国考、事业单位）【诚真公考】
软谋教育,3096人购买,¥9077.22,开设2个班级,Web前端开发高级进阶班【软谋教育】
杨洋,5506人最近报名,免费,共81节,昼夜诗文　第六季全新开播
润木艺术,118人最近报名,免费,共18节,【素描直播间】几何静物/人像肖像头像/石膏像/美术画画/速写
好摄帮课堂,0人购买,¥3162.22,课程2,从基础到人像后期进阶
闪电课堂,5703人最近报名,免费,共6节,高考物理生物提分攻略
一品老殷会计课,853人最近报名,免费,共8节,【2020中级会计师3科】中级会计职称 初级会计师 CPA注册会计师
Jenny英语课堂,37人购买,¥79.22,课程2,【外研社版】三上+三下
"米你课堂,认证",485人最近报名,免费,共8节,UI/UE设计 APP/网页/交互设计/动效设计 PS 高薪实战班
云艺帆教育,517人最近报名,免费,共6节,室内方案设计手绘思维布局优化
"为课教育,认证",601人购买,¥3977.22,随到随学,商业高级后期班
"云艺帆教育,认证",985人最近报名,免费,共11节,UG塑胶模具设计入门到通精2D排位-3D分模全3D高级汽车模全套案例
享学课堂,9340人购买,¥4662.22,进度：24/31节,【严选课程】Java互联网架构师系统进阶课程（VIP） 【享学课堂】
云艺帆教育,300人最近报名,免费,共6节,Solidworks机械动画-运动仿真-机械方案动画就业班
"软谋教育,认证",62人最近报名,免费,共1节,EF+MVC从入门到实战开发【软谋教育】
云艺帆教育,563人最近报名,免费,共9节,室内施工图深化设计（CAD、预算、材料、工艺、现场）
"大娃火焱社,认证",5056人购买,¥55.22,共3节,2019淘宝运营之单品访客7天破千的技巧揭秘
合尚教育,051人最近报名,免费,进度：5/6节,【直播】零基础素描几何体静物肖像免费试听课【合尚教育-HESUN】
"大娃火焱社,认证",5万人最近报名,免费,共5节,【火焱社直播】淘宝数据化运营解析、直通车爆款低价引流
"六星教育,认证",010人购买,¥77.22,开设2个班级,JavaVIP-Redis突击训练之入门到疯魔
合尚教育,081人最近报名,免费,进度：4/4节,【直播2】CG游戏原画/插画角色设计体验课【合尚教育-HESUN】
云艺帆教育,588人最近报名,免费,共10节,室内设计3Dmax建模、效果图实战之零基础到高级
学呀教育.,5人购买,¥6666.22,课程5,UG产品+模具全科班
"涵品教育,认证",37人最近报名,免费,共2节,ps/ps电商设计/淘宝美工/ps教程/平面设计/海报/主图/详情页/精修
"六星教育,认证",541人最近报名,免费,共15节,C/C++入门到精通企业级项目实战
拓薪教育,05人购买,¥8777.22,共56节,JavaEE高级/javaweb/数据库/ssm框架/maven/linux
顿开教育,5070人最近报名,免费,共95节,C/C++零基础到精通项目实战
尚界教育,328人最近报名,免费,共21节,淘宝新手零基础免费流量搜索排名数据化运营2020淘宝运营实操技巧
"为课教育,认证",45人购买,¥162.22,进度：16/16节,PS/AI基础班/为课教育
灵犀教育,846人最近报名,免费,共63节,Java开发/大数据/微服务/SpringBoot/SSM框架/mysql数据库/分布式
云财网校,182人最近报名,免费,共38节,会计实务：报税+做账+报表+发票+新政策+税务筹划+财务软件+答疑
绘梦CG学院,0143人购买,¥8812.22,开设2个班级,大神教你学插画VIP—古风插画特训班
东湖教育,768人最近报名,免费,共15节,PROE CREO  从基础到高级【东湖教育】
闪电课堂,8608人最近报名,免费,共5节,2020高考• 答题技巧速成班（英语、地理、政治）
百聚汇商学院,2人购买,¥57622,课程2,亚马逊金宝贝孵化班
蓝轨迹,634人最近报名,免费,共18节,日本语从零基础发音入门，动漫、留学、高考、考研【蓝轨迹日语】
51RGB在线教育,797人最近报名,免费,共8节,Ps教程/平面设计/品牌logo/VI设计/海报设计/淘宝美工【直播】
筑城网校,2人购买,¥5376.22,课程9,二级结构备考合集
肖博教育,3841人最近报名,免费,共4节,2020高考数学冲刺系列公开课
魔贝课凡,729人最近报名,免费,共6节,做抖音电商|抖音短视频PR+AE|网络营销新媒体自媒体淘宝客快手
"图灵学院,认证",1284人购买,¥4662.22,开设2个班级,【图灵VIP专属课堂】JAVA互联网架构师专题/分布式/高并发/微服务
闪电课堂,489人最近报名,免费,共12节,顶级名师带你冲刺2020高考
合尚教育,966人最近报名,免费,共5节,【直播】零基础手绘漫画插画试听课【合尚教育-HESUN】美术绘画
广东世之峰教育网络科技有限公司,084人购买,¥0762.22,开设2个班级,超级学习法天才精英班三四年级
51RGB在线教育,5844人最近报名,免费,共9节,Ui设计零基础入门系列课ps/ai/icon/app【直播】
软谋教育,339人最近报名,免费,共2节,ES6标准入门与实战教程
"原画人在线学院,认证",43人购买,¥9172.22,共6节,原画人场景设计8期【申鹤】
动脑学院,907人最近报名,免费,进度：33/36节,【VIP限时体验】Android安卓架构跨平台NDK大移动端【动脑学院】
"米你课堂,认证",5591人最近报名,免费,共15节,PS AI平面设计/配色/版式/海报/画册/折页/包装/logo/字体设计/VI
朱仕平,6人购买,¥476.22,共119节,"Office应用大师年费班(含Excel,Word,PPT,VBA,PQ,PP等)【朱仕平】"
"云艺帆教育,认证",523人最近报名,免费,共2节,【VIP】CAD工程师制图直播答疑
中艺影像,8639人购买,¥577.22,共30节,【修图】专业摄影师带你玩转Lightroom/许伟华/录播/中艺
云艺帆教育,811人最近报名,免费,共6节,C4D/PS/CDR/AI新锐平面视觉设计 字体设计 logo设计 色彩版式
筑城网校,2人购买,¥5376.22,课程10,二级建筑备考合集
云艺帆教育,391人最近报名,免费,共8节,3DMAX室内效果图实战（VR、LWF、灯光、材质、配饰、后期、写实）
云艺帆教育,121人最近报名,免费,共8节,CAD家具设计全屋定制家具板式实木室内设计衣柜橱柜酒柜测量拆单
乐考喵,3535人最近报名,免费,共1节,帆哥母题训练营！稳拿120分+【加微信kaomiaomiao领资料】
三文猫,866人最近报名,免费,共2节,【真人视频】零基础日语入门必备：五十音图
Jenny英语课堂,82人购买,¥343.22,课程8,【外研社版】三/四/五/六年级(上册+下册)
知行一教育,515人最近报名,免费,共12节,UI设计进阶/小白学UI/0-3年设计进阶必修课/UI特训营体验课
一品老殷会计课,507人最近报名,免费,共15节,【2020初级会计师2科】初级会计职称初级会计实务 CPA中级会计师
"艾巴优教育,认证",5万人购买,¥8162.22,随到随学,（正式班）3DMAX效果图室内外设计（从零到精通）艾巴优教育
齐论视觉学院,998人最近报名,免费,共7节,【爆款】photoshop/ps基础 /ps教程/平面设计/ps电商视觉【齐论】
王羽课堂,5742人最近报名,免费,共13节,得语文者得天下，得大仙者得语文，双一流大学任你挑！
知行一教育,317人购买,¥3762.22,2020-2-14开讲,UI设计特训营/项目实训基地/交互/APP设计/WEB设计/UI动效拔高课
三文猫,907人最近报名,免费,共3节,日本语零基础从发音到『听说读写』样样通【三文猫日语】
齐论视觉学院,3272人最近报名,免费,共16节,【直播】电商视觉 ps平面设计精修主图教程详情页设计【齐论】
张工教育,587人购买,¥8322.22,课程4,2020年注册结构工程师全程班
泛学苑抖音短视频,130人最近报名,免费,共4节,抖音快手短视频|电商引流带货|自媒体运营涨粉赚钱|淘宝客网赚
上课铃教育,005人最近报名,免费,共6节,2020高考物理高中物理【寒假野蛮提分特训营】
魔贝课凡,357人购买,¥76.22,共2节,【新手友好】5节课“零基础”入门谷歌推广
山本教育,880人最近报名,免费,共1节,抖音教程新媒体营销短视频运营实战技巧
"为课教育,认证",914人最近报名,免费,共12节,PS/PS综合平面设计/PS/AI平面设计/版式/字体/LOGO/VI/海报/为课
千代,327人购买,¥3176.22,共181节,千代手绳系统教学课程 初级基础班
"为课教育,认证",5732人最近报名,免费,共14节,PS/PS摄影后期/PS修图教程/影楼/人像精修/调色/风光/商业/为课
"齐论京东学院,认证",5937人最近报名,免费,共11节,【直播】京东关键词排名提升上首页 快车霸屏内容营销【齐论】
FUN视觉  雷波,5人购买,¥876.22,课程22,A6000摄影入门到精通
"牙典教育,认证",590人最近报名,免费,共9节,牙典教育-2020口腔执业/助理历年真题精讲
"巨皇教育,认证",5261人最近报名,免费,共9节,淘宝爆款批量复制【直播】，0基础速爆流量  搜索直通车运营教学
Rhino3D（犀牛）原厂中国/Shaper3d,5843人购买,¥062.22,共73节,Rhino3D(犀牛)工具讲解与应用课程（合集）
优梯教育,5409人最近报名,免费,进度：5/21节,【优梯教育】新手开店找货源 手淘首页低价引流 微淘钻展运营技巧
麦街网,363人最近报名,免费,共14节,2020麦街注册测绘师学习指南
"六星教育,认证",5335人购买,¥772.22,进度：3/5节,性能优化特训营
黄菊华,380人最近报名,免费,共2节,微信小程序框架的制作
未来教育,3万人最近报名,免费,共33节,未来教育二级ms office上机考试题库视频解析
"不惑教育,认证",1506人购买,¥677.22,进度：11/59节,消防安全技术实务精讲
黄菊华,019人最近报名,免费,共9节,微信小程序、零基础入门、基础语法讲解
享学课堂,5484人最近报名,免费,共20节,Android移动互联网架构开发
武百分教育,3230人购买,¥77.22,共23节,武百分2020执业/助理医师资格考试女性生殖系统考点精讲
"涵品教育,认证",0933人最近报名,免费,共19节,PS淘宝美工PS教程/平面设计/抠图/产品精修+主图/海报/详情页设计
"米你课堂,认证",019人最近报名,免费,共6节,ps淘宝美工/首页设计/合成海报/电商C4D/淘宝装修网店设计/ps美工
"原画人在线学院,认证",038人购买,¥3772.22,随到随学,原画人插画基础8期【时若可止、二戈】
"软谋教育,认证",813人最近报名,免费,共2节,.NET Core从入门到高级进阶【软谋教育】
武百分教育,382人最近报名,免费,共2节,武百分2020乡村全科执业助理医师考试直播课堂
"原画人在线学院,认证",02人购买,¥9172.22,进度：8/12节,原画人伪厚涂插画11期【醒爷】
晨露课堂,890人最近报名,免费,共9节,2020高考物理抢跑备考营
享学课堂,3729人最近报名,免费,共30节,JAVA高级开发 架构师课程（高并发 高可用 高扩展）
菜子学院,594人购买,¥5362.22,课程5,中级实务通关保障B班
"太阁IT认证中心,认证",104人最近报名,免费,共25节,闫辉 HCIA+CCNA网络工程师入门篇
亿启教育,948人最近报名,免费,进度：1/2节,亿启聊股大讲堂
晴教育,07人购买,¥3762.22,课程15,2020省考旗舰班
"喜科堂互联教育,认证",846人最近报名,免费,共30节,C#/.NET全栈/Core/BS/CS/上位机/WPF/WCF【喜科堂】
"菜子学院,认证",177人最近报名,免费,共15节,【官方推荐】2019会计+税务实操【报税报表+财税热点+新政解读】
拓薪教育,402人购买,¥5677.22,共73节,java高级阶段（阶段三）
"火焱社拼多多商学院,认证",9人购买,¥8922.22,进度：12/12节,【火焱社拼多多】拼多多实战运营实战课程零基础打造爆款VIP升级
启程学院,504人最近报名,免费,共7节,市政录播试听课（一阶）-工程造价案例实操【启程学院】
未来教育,018人最近报名,免费,共4节,2020年3月 未来教育计算机三级网络技术全程班试听课
武百分教育,5715人购买,¥47.22,共12节,武百分2020执业/助理医师资格考试心血管系统考点精讲
艾巴优教育,566人最近报名,免费,共31节,（视频教程）CAD施工图室内设计（连载更新）从零基础入门到精通
嗨森课堂,3073人最近报名,免费,进度：9/11节,PS摄影后期修图／影楼后期／商业修图／风光调色／公开课
鲁班学院,11人购买,¥5362.22,共21节,Java分布式电影预告小程序后台实战项目【鲁班学院】
野马设计学院,118人最近报名,免费,共6节,PS零基础教程/平面设计/淘宝美工/后期修图/平面设计师入门
艺点点教育,329人最近报名,免费,共13节,【体验班】3Dmax室内外建模/建筑效果图/建筑表现/零基础学习
瑞云学堂,5358人购买,¥877.22,共72节,2020年初级会计师2科目协议通关【VIP全程私教辅导每日计划任务】
武百分教育,5290人最近报名,免费,共4节,武百分2020临床执业医师/助理医师直播课堂
曲靖乾动网络科技有限公司,88人最近报名,免费,共29节,WordPress仿站实例教程
光影学院,5236人购买,¥8362.22,随到随学,摄影后期进阶实战班
蜂鸟摄影微课堂,8568人最近报名,免费,共20节,川西十大绝美秘境独家介绍
东湖教育,328人最近报名,免费,共8节,PROE/CREO基础入门到精通教程
"柠檬班,认证",5799人购买,¥1462.22,随到随学,python全栈自动化测试工程师第12-27期【柠檬班VIP】
"云普集游戏动漫学院,认证",5382人最近报名,免费,共8节,3Dmax.maya.zbrush.次世代游戏建模【云普集游戏动漫学院】
龙丰自动化培训中心,509人最近报名,免费,共34节,三菱Q系列PLC视频高级编程和实操第1辑－龙丰自动化
"原画人在线学院,认证",512人购买,¥1762.22,进度：9/13节,原画人3D辅助美宣2期【李睿】
起步造价实操,976人最近报名,免费,共4节,零基础安装工程造价/给排水/强电弱电/广联达GQI/GCCP5//施工工艺
"乐学喵,认证",5509人最近报名,免费,2020-1-22开讲,21考研政治“保70争80”备考规划（无回放）
蜜蜂优课,791人购买,¥3977.22,课程10,【坤哥物理】2020高三二轮三轮系统班 高考直播模拟考
"张工教育,认证",096人最近报名,免费,共19节,注册电气工程师（发输变电）专业考试免费公开课
【智能社】在线课堂,5508人购买,¥2.52,共6节,【智能社】ES6精讲—ECMAscript6精通系列（基础篇）
威领word excel ppt,砍价,免费,共226节,Excel2016基础综合教程
Rhino3D（犀牛）原厂中国/Shaper3d,46人最近报名,免费,共1节,Rhino倒角工具用法与技巧分享
野马设计学院,8449人最近报名,免费,进度：4/10节,PS/AI/CDR/C4D平面设计品牌设计
艺服教育,719人购买,¥3777.22,随到随学,高级女装制版全套深造技术--VIP二班级【艺服在线教学】
"云艺帆教育,认证",5335人最近报名,免费,共9节,CAD全套【CAD零基础制图教程】
每特教育,539人最近报名,免费,共11节,Vue前后端分离架构技术【免费学习】
起步造价实操,325人最近报名,免费,共3节,钢结构工程造价/门式/框架/网架/桁架/广联达GJG/GCCP5/施工工艺
"峰源教育,认证",371人最近报名,免费,进度：16/16节,【北京峰源】钢结构设计门刚+框架+网架+桁架+网壳+SAP2000+Midas
FUN视觉  雷波,58人购买,¥876.22,课程22,6D2摄影从入门到精通
"仁厚教育,认证",9873人最近报名,免费,共12节,室内设计全套课程【CAD施工图、工艺材料、方案优化、软装谈单】
徐照兴,57人最近报名,免费,共7节,异步处理——不刷新页面请求数据
武百分教育,3235人购买,¥77.22,共16节,武百分2020执业/助理医师资格考试儿科疾病考点精讲
每特教育,806人最近报名,免费,共4节,Java架构技术/微服务技术/互联网技术/架构师公开课【每特教育】
启程学院,008人最近报名,免费,共142节,安装直播公开课1-广联达BIM预算案例实操【启程学院】
大鹏家课堂,2人购买,¥553.22,课程3,高一答疑解惑班数理化
高亮老师,687人最近报名,免费,共2节,高考英语高中英语高三英语阅读理解满分大招 高亮老师
51RGB在线教育,3339人最近报名,免费,共6节,AE/PR/短视频制作/UI动效/视频剪辑【直播】-51RGB在线教育
"智源教育学院,认证",1601人购买,¥3162.22,共14节,智源教育SVIP专享-电商美工实战特训【飞速跨越孵化班】
米修在线,991人最近报名,免费,共32节,VueCli3全新小白入门教程(基础+实战+vue+fetch+axios+米斯特吴)
"聚心恒教育,认证",3076人最近报名,免费,共33节,PS教程 免费 PhotoShop  美工教程 平面设计 淘宝装修 PS淘宝美工
大暑电商学院,5万人购买,¥8162.22,共6节,大暑教育2020全新VIP实战课程
e学苑在线教育,905人最近报名,免费,共3节,【录播】英语口语发音技巧入门课程《自然拼读法》Steve老师主讲
"山本教育,认证",3240人最近报名,免费,共4节,【直播】恋爱技巧/情感聊天技巧/婚姻情感挽回
合尚教育,5799人购买,¥8362.22,进度：3/30节,【VIP】商业插画系统课程【板绘】
"京程一灯,认证",64人购买,¥4662.22,随到随学,【阶段一】前端全栈工程师精英班
"图灵学院,认证",961人最近报名,免费,共11节,Java互联网架构师之设计模式精讲
晓窗教育,178人最近报名,免费,共32节,初三物理全册经典题详解
"马哥教育,认证",5592人购买,¥9162.22,共41节,马哥Linux高端运维云计算就业班-教学总监老王主讲
数学怪,388人购买,¥7.72,共1节,圆锥超级大招：独家心法口诀—高中数学新高考数学高三一轮
晓窗教育,358人最近报名,免费,共37节,高中物理必修一课后练习讲解
"恩维客教育,认证",151人购买,¥5462.22,开设6个班级,【恩维客教育】VIP室内设计CAD施工图深化高级班
小码哥教育,73人最近报名,免费,共10节,Java小白如何逆袭50万年薪技术大咖
"飞鱼绘,认证",5761人购买,¥7.72,共4节,春哥4节超值人体结构干货入门课
菜子学院,544人购买,¥5362.22,课程5,中级财管通关保障B班
小码哥教育,539人最近报名,免费,共1节,(小码哥)经典编程语言：Swift编程入门
"峰源教育,认证",441人最近报名,免费,进度：16/16节,【北京峰源】安装工程造价（水电暖消防 招投标预算结算 广联达）
"菜子学院,认证",476人购买,¥876.22,进度：10/30节,精英续航系列-精讲班：经济法基础【续航A班】
国和网校,506人购买,¥5.22,进度：1/1节,国和【路基工程精讲二】路床设计 教材编委郑智能主讲
部落窝教育,367人最近报名,免费,共37节,Axure视频教程：AxureRP8零基础到全面精通（自学视频，更新中）
"为课教育,认证",95人购买,¥5177.22,随到随学,产品精修+海报合成实战班/为课教育
国和网校,541人购买,¥5.22,进度：1/1节,国和【桥梁工程精讲之小桥涵】道勘大咖孙家驷老师主讲
微客教育,5万人最近报名,免费,共2节,网络营销|网赚抖音电商|Vlog短视频|赚钱营销淘宝客引流网络推广
"峰源教育,认证",5932人购买,¥3377.22,随到随学,【北京峰源】土建造价实战班
"SPOTO思博网络,认证",405人最近报名,免费,共47节,SPOTO专注思科认证培训16年，资深专家带你玩转CCNA/CCNP/CCIE
妙味课堂,50人最近报名,免费,共14节,移动端高级 | 移动端开发深度揭秘【妙味课堂】
思睿电商学院,014人购买,¥8162.22,进度：17/25节,【思睿电商】 2020年终冲刺班
泛学苑自媒体,062人最近报名,免费,共2节,【免费试学】自媒体短视频赚钱|头条号|抖音电商网赚|网络营销
hcoder 刘海君,503人最近报名,免费,共7节,graceUI  - 微信小程序UI框架、uni-app UI框架 使用教程
学神 IT 教育,87人购买,¥1772.22,进度：1/43节,Linux云计算架构师进阶班-Docker-K8s-Devops-Openstack-1对1辅导
未来教育,507人最近报名,免费,共5节,2020年3月 未来教育计算机三级数据库技术全程班试听课
蜜蜂优课,646人最近报名,免费,共1节,【坤哥物理】2020高考一轮试听课-相互作用、平衡态受力分析技巧
朱仕平,998人购买,¥516.22,共114节,Excel Power Query 第2季视频教程 可视化及M函数入门【朱仕平】
"图灵学院,认证",309人最近报名,免费,共6节,全网最强JVM类加载器机制讲解
天勤辉哥讲堂,518人最近报名,免费,共1节,2021天勤率辉计算机考研备考方案
Rhino3D（犀牛）原厂中国/Shaper3d,5834人购买,¥062.22,共63节,Grasshopper 工具组件用法系统课程（合集）
铭学在线课堂,98人最近报名,免费,共1节,CISSP认证学习公开课
蜜蜂优课,002人最近报名,免费,共1节,【佳骏语文】2020高三一轮试听课-轻松拿分的文言文翻译法则
中艺影像,8667人购买,¥586.22,共13节,【摄影】如何拍人像/田德友/录播/中艺
闪电课堂,350人最近报名,免费,共1节,【高一数学必修一】集合模块精选
"掌控安全学院,认证",5750人最近报名,免费,共22节,Web安全/kali/黑客信息安全/网络安全/渗透/linux/编程语言/架构
常泽教育,9人购买,¥3316.22,课程17,旭文日语-零基础~N2-全课程随意学特惠套餐
蜜蜂优课,979人最近报名,免费,共6节,【坤哥物理】2019全国123卷点评 今年居然这样考 不听后悔一整年
鸟哥教育,576人最近报名,免费,共1节,SpringMVC+Spring+MyBatis框架整合SSM整合[IntelliJ IDEA/MySQL]
武百分教育,5484人购买,¥17.22,共11节,武百分2020执业/助理医师资格考试运动系统考点精讲
蜜蜂优课,449人最近报名,免费,共1节,【坤哥物理】2022新课标必修一试听课-巧用XT、VT图秒解物理题
分享牛,08人最近报名,免费,共5节,Flowable modeler设计器集成
仁厚教育,66人购买,¥0312.22,课程8,室内设计VIP初高级班(2019年底冲刺班1)
润木艺术,984人最近报名,免费,共21节,【CG插画直播间】板绘基游戏美术/手绘/绘画/SAI/插画原画
武汉卓宇创新计算机辅助设计有限公司,39人最近报名,免费,共4节,ANSYS worbench 结构分析精通试听课
"云普集游戏动漫学院,认证",102人购买,¥1362.22,进度：5/5节,次世代游戏提升班【云普集教育】
"云学贝教育,认证",5836人购买,¥9.22,共6节,CAD2020软件运用，全套施工图讲解
可邦教育,887人最近报名,免费,共22节,初中物理 初二物理全年必考重点知识点（上下学期）
艺服教育,862人购买,¥9776.22,随到随学,立体裁剪+平面制版 /平立一体互通打版进修课程（艺服教育）
咕泡教育,4366人最近报名,免费,共16节,"Java架构师,Java高级|只为培养互联网java架构师【咕泡教育】"
"云学贝教育,认证",384人最近报名,免费,共7节,3dmax培训  3dmax效果图灯光渲染，vip试听教程
武百分教育,71人购买,¥476.22,共38节,武百分2020乡村全科执业助理医师考点精讲班
闪电课堂,805人最近报名,免费,共1节,【高一数学必修一】函数模块精选
创世工匠vfx,34人最近报名,免费,共8节,maya肌肉系统从入门到精通（上）
零声学院,5人购买,¥6312.22,课程2,Linux入门到服务器架构师
刘本胜,663人最近报名,免费,共15节,2020护士资格证考试精品课免费试听版（护资辅导名师刘本胜主讲）
徐照兴,60人购买,¥52.22,共7节,面向对象C#零基础入门精讲（1）C#开发入门
FUN视觉  雷波,8人购买,¥876.22,课程22,X-T1摄影入门到精通
晨夕学院,820人最近报名,免费,共11节,自考英语二试听课（00015）晨夕
飞图映像摄影学院,04人最近报名,免费,进度：1/1节,县长评片会（三）
"张工教育,认证",3269人购买,¥3162.22,2020-7-6开讲,2020给排水专业真题精粹飞跃班
"山本教育,认证",888人最近报名,免费,共2节,爱情恋爱技巧恋爱情商课
江苏轩锐教育,013人购买,¥7.72,进度：5/5节,幕墙结构设计训练营
菜子学院,8人购买,¥3362.22,课程14,实务+财管通关B班
南瓜商学院,37人最近报名,免费,共1节,武神商学院（股票技术）第8课_KDJ详解和指示方法
徐照兴,597人购买,¥52.22,共8节,ASP.NET就业实例教程（1）ASP.NET基础入门搭建网站开发环境
"齐论京东学院,认证",501人购买,¥4976.22,随到随学,【VIP-2年】付款链接 快速打造店铺爆款，营销最新玩法【齐论】
红动优学教育,5467人最近报名,免费,共21节,AI/CDR/PS/版式/字体/设计思维/色彩/包装/画册-平面设计进阶实战
可邦教育,961人最近报名,免费,共17节,初中数学 初二数学全年必考知识点（上下学期）
"原画人在线学院,认证",036人购买,¥0272.22,随到随学,原画人零基础入门15期【苗苗】
小码哥教育,998人最近报名,免费,共47节,Web前端0到架构师①HTML+CSS+JS基础
欧艾教育,116人最近报名,免费,共4节,零基础学化妆 .OS形象设计中心 时尚公开课
"齐论拼多多学院,认证",513人购买,¥9976.22,随到随学,【VIP-2年】付款链接 打造爆款全系拼多多 运营实操课程【齐论】
成都智慧宽客科技有限公司,381人最近报名,免费,进度：4/4节,300股指期权与300ETF期权注意事项及盈利策略
可邦教育,019人最近报名,免费,共6节,初中物理 初二物理下册重点章节知识点
"六星教育,认证",83人购买,¥4662.22,开设2个班级,Java高级架构师进阶课程【六星教育】
泛学苑自媒体,5693人最近报名,免费,共9节,短视频自媒体|新媒体赚钱揭秘，头条号|抖音|百家企鹅号趣头条
"图灵学院,认证",0152人最近报名,免费,共40节,JAVA架构师精品课 企业级架构/分布式/高并发/微服务【图灵学院】
"松勤软件测试,认证",75人购买,¥8762.22,随到随学,Jmeter高级性能测试项目实战(赠送Loadrunner视频）
电气学姐,327人最近报名,免费,共7节,2020年勘察设计注册电气工程师基础考试（学姐带你过电气）
肖博教育,304人最近报名,免费,共1节,【高中数学、高考数学】射影定理秒杀三角函数难题【肖博数学】
武百分教育,5922人购买,¥17.22,共8节,武百分2020执业/助理医师资格考试血液系统考点精讲
兰定筠,580人最近报名,免费,共5节,注册结构工程师专业考试—公开课免费学
国和网校,596人购买,¥5.22,进度：1/1节,国和【路基工程精讲一】教材编委郑智能主讲
中艺影像,拼团,¥57.62,共20节,【摄影】摄影基础实战/郭卫/录播/中艺
成都智慧宽客科技有限公司,87人最近报名,免费,进度：1/1节,期权若干本质问题解析——结合咏春PRO
琅泽在线教育,85人最近报名,免费,共7节,琅泽成哥_3Dmax-tyFlow超强粒子插件教程
马哥教育,5281人购买,¥4362.22,随到随学,python自动化+Py全栈+爬虫+Ai=python全能工程师-挑战年薪30万
Office微课-马老师,997人最近报名,免费,共4节,Office2016高级商务办公必学Word Excel PPT三科【Office微课】
e学苑在线教育,339人最近报名,免费,共3节,【直播】小学英语语法全套 小升初语法冲刺辅导 零基础课程
飞图映像摄影学院,556人最近报名,免费,进度：1/1节,这样的构图，你掌握了么？
e学苑在线教育,850人购买,¥177.22,课程2,英语语法+配套训练
蜜蜂优课,5998人最近报名,免费,共2节,【坤哥物理】高中物理学习中看似勤奋、实则低效的7个坑！
上课铃教育,2人购买,¥5177.22,课程3,2020高三数学寒春班
晨夕学院,002人最近报名,免费,共11节,成人学位英语试听课-适用自考、网教、成教 - 晨夕
张老师考试学院,094人最近报名,免费,共18节,【张老师考试学院】免费注册结构工程师专业考试培训
武百分教育,5189人购买,¥17.22,共11节,武百分2020执业/助理医师资格考试泌尿系统考点精讲
孙忠潇,50人最近报名,免费,共1节,MATLAB中的正则表达式应用
"艾巴优教育,认证",5118人最近报名,免费,共6节,【艾巴优教育】3DMAX建模效果图 CAD VRAY PS cr室内设计家装工装
"齐论教育,认证",53万人购买,¥77.22,共51节,淘宝运营技巧实操讲解 直通车拉升自然访客轻松打造爆款【齐论】
"起点学院,认证",677人最近报名,免费,共3节,我要学产品-90天产品经理实战班
张梅氢松化学,5408人最近报名,免费,共8节,2020高考化学一二三轮复习高效备考张梅化学+Q群584511033领资料
唐志,342人购买,¥376.22,课程2,2020完全解析+题库
丁树凯,526人最近报名,免费,共24节,VR室内设计/交互式全景/用3dmax、UE4创造照片级室内设计效果图
"飞鱼绘,认证",5244人最近报名,免费,进度：16/17节,【精品推荐】人体结构基础绘画公开课
"大娃火焱社,认证",9人购买,¥8762.22,进度：14/14节,无货源电商VIP课程
蜜蜂优课,5372人最近报名,免费,共27节,【坤哥物理】高二选修3-1电场同步课 最走心的免费课
灵犀教育,5278人最近报名,免费,共16节,Python编程入门到进阶/爬虫/数据分析/人工智能
邓梦菲,509人购买,¥3222.22,共13节,线稿课程17期【墨非凡画坊】
闪电课堂,9203人最近报名,免费,共9节,顶级名师带你冲刺2020高考
"职坐标,认证",8520人最近报名,免费,共69节,165天逆袭web前端高级开发工程师 JS/React/VueJS/NodeJS框架实战
学呀教育.,5人购买,¥3776.22,课程2,UG塑胶模具设计中级班
"峰源教育,认证",545人最近报名,免费,共47节,【北京峰源】混凝土结构设计实战免费公开课
蔺鹏飞,348人购买,¥2.52,共30节,小雨注暖一元体验班及公开课
中艺影像,0516人购买,¥5762.22,课程28,【摄影】畅学会员中艺
"智源教育学院,认证",8391人最近报名,免费,共10节,PS淘宝美工实战特训 平面设计 海报设计 主图 详情页 智源教育
"涵品教育,认证",8023人最近报名,免费,共12节,PS教程/摄影后期 人像 商业精修/调色/排版/合成/风光 风景/影楼/
中艺影像,8654人购买,¥3762.22,共85节,数码摄影课程合辑-中艺网校
亢少军,829人最近报名,免费,共38节,Flutter女装商城实战(学习版)
应图马教育,3804人最近报名,免费,共13节,ps板绘商业插画/插画设计/插画/板绘/手绘/CG插画/设计
菜子学院,530人购买,¥5762.22,课程7,初级职称通关班第9期
数学怪,623人最近报名,免费,共6节,必修四：三角函数与诱导公式—向量高中数学高一数学春季高考数学
妥妥教育,368人最近报名,免费,进度：9/9节,安装工程造价 给排水/电气/消防/广联达/预算实操 安装造价公开课
蒋老师过级,4829人购买,¥47.72,共72节,2020年3月全国计算机二级Office通关vip教程
云艺帆教育,840人最近报名,免费,共9节,【渲染课】3Dmax室外建筑效果图建筑表现/建筑设计/渲染/PS后期
"山本教育,认证",314人最近报名,免费,共2节,情商提升课程-情感恋爱课堂山本情感课堂
张工教育,06人购买,¥8062.22,课程4,2020给排水专业全程班
"图灵学院,认证",553人最近报名,免费,共4节,分库分表-AOP高阶应用【图灵学院】
微客教育,1989人最近报名,免费,共3节,抖音上热门|抖音好物推荐|短视频制作|抖商引流赚钱
硬笔书法培训,32人购买,¥864.22,共11节,井方格实用硬笔行书速成法
闪电课堂,837人最近报名,免费,共1节,（高中生物、高一生物）必修一《细胞的物质运输》
数学怪,804人最近报名,免费,共13节,必修一：集合概念与综合—高中数学高考数学高一数学函数春考对数
"学神IT教育,认证",888人购买,¥1742.22,进度：32/62节,学神Linux高薪运维云计算全程班/全程直播/终身学习/一对一辅导
闪电课堂,586人最近报名,免费,共4节,高一同步课程初升高衔接（数英物化生史地）
蜜蜂优课,306人最近报名,免费,共5节,【康哥英语】2020高考英语一轮复习规划
好摄帮课堂,4人购买,¥3162.22,课程2,从基础到风光人文进阶
教授伴学,113人最近报名,免费,共21节,2020年一级建造师一建免费系列课
王羽,783人最近报名,免费,共14节,物理高考2020一轮复习【王羽物理】添加微信领取资料：97975128
"齐论教育,认证",453人购买,¥4576.22,随到随学,【VIP-2年】付款链接 淘宝店铺电商运营 新手入门【齐论教育】
鲁班学院,413人最近报名,免费,共4节,spring boot原理解析【鲁班学院】
"云艺帆教育,认证",拼团,¥5.22,共12节,solidworks非标机械自动化设计免费精品课
"原画人在线学院,认证",37人购买,¥0672.22,进度：2/6节,原画人日韩角色设计1期【吸烟】
闪电课堂,314人最近报名,免费,共1节,【高考数学、高中数学】平面向量精选
数学微课帮,728人最近报名,免费,共29节,初中数学总复习 初一 初二 初三 知识点+例题
艺服教育,509人购买,¥5876.22,共72节,《高级女装制版全套深造技术》第二期VIP一班级直播回放视频
金渡教育,01人最近报名,免费,共2节,web前端开发之React.js入门到进阶【金渡教育】
说文大学堂（川流不息）,391人最近报名,免费,共21节,粤语公开课
思政教育,326人购买,¥762.22,进度：22/36节,2020年浙江省公务员考试—笔试系统班
云艺帆教育,355人最近报名,免费,共8节,【后期课】3Dmax室外建筑效果图建筑表现-建筑设计/渲染/PS后期
"杰越学院,认证",718人最近报名,免费,共19节,C语言/C++语言/数据结构算法/MFC/QT【六星教育】
优梯教育,3万人购买,¥0762.22,进度：5/5节,淘宝VIP爆款运营实操系列课程【优梯教育】
"马士兵老师,认证",313人最近报名,免费,共1节,Java日志框架-SLF4J入门
鲁班学院,821人最近报名,免费,共3节,HashMap常见面试题及解答【鲁班学院】
腾讯课堂NEXT学院,539人购买,¥9877.22,共117节,【NEXT学位 x IMWeb】Web前端从小白到大师进阶课程
朝夕教育,5568人最近报名,免费,共74节,C#/.Net/架构师/分布式/跨平台/微服务/系统架构/底层原理/框架
蜜蜂优课,5819人最近报名,免费,共1节,【坤哥物理】2020高考一轮试听课-磁场概念公式、定理及口诀结论
"原画人在线学院,认证",398人购买,¥9772.22,2020-3-20开讲,原画人场景设计9期【东彪】
数学怪,072人最近报名,免费,共3节,选修：导数概念与求导公式—高考数学高中数学高二数学微积分
"渡一教育,认证",8936人最近报名,免费,共42节,Web前端开发之JavaScript(Js)精英课堂
蜂鸟摄影微课堂,053人购买,¥8976.22,随到随学,商业人像精修高级班  免费重修（领取买1赠2福利请咨询客服下单）
欧艾教育,318人最近报名,免费,共2节,色彩搭配 服装搭配 形象设计 . OS形象设计中心  时尚公开课
倪奕文,84人最近报名,免费,共6节,软件设计师-免费课程
晨夕学院,809人购买,¥162.22,共28节,2020成人学位英语VIP课程 晨夕-自考、网教、成教
未来教育,046人最近报名,免费,共11节,2020年3月未来教育二级C语言全程班免费课
"喜科堂互联教育,认证",567人最近报名,免费,共13节,.NET工控上位机实战系列课程【资料获取加QQ995551857】
瑞云学堂,3311人购买,¥16.22,共130节,2020年初级会计师职称【实务经济法2科全套】精讲班+讲义题库答疑
乐才派,196人最近报名,免费,进度：6/6节,独立音乐人训练—编曲（音乐制作）公开直播课
扣丁学堂,62人最近报名,免费,共4节,千锋html5经典入门视频教程：基础知识点讲解
教授伴学,44人购买,¥11.22,课程3,2020年二级建造师二建施工管理超值大礼包
蜜蜂优课,5564人最近报名,免费,共3节,【坤哥物理】高三二轮复习攻略-暨二三轮复习课发布会
"图灵学院,认证",046人最近报名,免费,共4节,Mysql底层原理与性能调优【图灵学院】
优梯教育,4448人购买,¥9762.22,进度：5/5节,VIP 2020淘宝运营爆款课程 【优梯教育】
闪电课堂,404人最近报名,免费,共4节,2020高考学渣拯救计划
蜜蜂优课,436人最近报名,免费,共1节,【坤哥物理】2020最新考纲解读
"柠檬班,认证",813人购买,¥4162.22,随到随学,软件测试从小白到高手全程班【柠檬班】第67期
山本教育,935人最近报名,免费,共8节,服装打版服装纸样服装制版教程-直播【山本教育】
闪电课堂,801人最近报名,免费,共1节,【高考数学、高中数学】三角函数
艺服教育,69人购买,¥0776.22,随到随学,高级男装结构与版型技术工程课程【艺服在线教学】
鲁冬明,538人最近报名,免费,共1节,CRMEB门店设置与核销
数锐科技,72人最近报名,免费,共4节,【超级数学建模|公开课】Python机器学习—泰坦尼克号获救预测
抵岸教育,2人购买,¥5712.22,课程4,20年省考行测申论联报课程
陕西腾跃教育科技有限公司,391人最近报名,免费,共1节,高考英语完形填空  完型填空1小时冲向满分（vx-13186026871）
博为峰网校在线教育,444人最近报名,免费,共21节,【Atstudy】软件测试/性能/接口/压力/自动化测试 从入门到精通
杨洋,328人购买,¥577.22,共6节,领先见识•2019高考语文一轮复习（预备课）
"仁厚教育,认证",570人最近报名,免费,共10节,室内设计师必备技能【施工图/建材施工/方案预算/谈单沟通】
"纯粹教育设计网校,认证",018人最近报名,免费,共39节,纯粹罗肖雯软装设计系统|室内设计师必学的配饰陈设|
应图马教育,3人购买,¥3262.22,课程2,商业插画-基础班
宋超,9713人购买,¥2.77,共10节,2022新高一基础提高班【数学超人】+【微信】supermath987
鲁冬明,12人最近报名,免费,共1节,CRMEB小程序分包处理
完颜形象教育,470人购买,¥5062.22,共31节,整体形象设计师（线下+线上）
齐论跨境学院,5634人最近报名,免费,共3节,【直播】Shopee虾皮零基础，也能快速爆单【齐论】
"软谋教育,认证",333人最近报名,免费,共11节,C#/.NET大数据高并发架构设计/.NET构架师【软谋教育】
"新盟教育,认证",71人购买,¥7362.22,2020-4-1开讲,Linux云计算架构班【包含集群+Jenkins+K8S+OpenStack+Python】
数学怪,863人最近报名,免费,共7节,必修二：立体几何体表面积三视图—高中数学高一数学春季高考数学
漆学军,83人最近报名,免费,共4节,2019最新版从零开始学MT4平台MQL4语言编程第2阶段
学神 IT 教育,52人购买,¥6122.22,课程2,高薪就业+云架构师课
"喜科堂互联教育,认证",805人最近报名,免费,共28节,C#/.NET上位机软件开发VIP体验课【资料获取加QQ：995551858】
晨露课堂,0580人最近报名,免费,共22节,乘风语文2020高考极速提分攻略
抵岸教育,374人购买,¥762.22,随到随学,20年省考-行测精讲课
"云艺帆教育,认证",562人最近报名,免费,共21节,Proe/Creo产品设计-结构设计（造型/工艺/开模图/工程图/仿真）
微客教育,0485人最近报名,免费,共2节,教你玩社群淘客+淘宝客+淘宝联盟+内部优惠券
"柠檬班,认证",469人购买,¥1822.22,开设9个班级,java全栈自动化第7-17期（web自动化＋接口自动化+app自动化）
启程学院,552人最近报名,免费,共46节,启程造价直播室6-广联达BIM预算案例实操【启程学院】
"云艺帆教育,认证",386人最近报名,免费,共19节,Proe-Creo产品设计/结构设计【建模曲面结构零基础到精通】
魔贝课凡,3705人购买,¥0976.22,开设4个班级,Amazon亚马逊跨境电商VIP-把产品卖到全球
拼客学院,50人最近报名,免费,共1节,Web安全工程师之攻防实验室搭建
优梯跨境学院,983人最近报名,免费,进度：12/12节,国货新主场跨境电商虾皮Shopee爆款实操课程【优梯跨境】
晨夕学院,364人购买,¥182.22,共51节,2020上半年自考英语二直通车VIP课程(00015)【直播+录播】晨夕
易道云学院,5405人最近报名,免费,共16节,C/C++ 零基到大神精讲(C++17最新标准/游戏编程/项目实战)
"软谋教育,认证",5067人最近报名,免费,共3节,.NET/C#架构师/高级开发/Core/微服务/分布式/高并发【软谋教育】
陈浩老师网络课堂,53人购买,¥552.22,课程2,计算机二级C语言精品课程[含公共基础][送指导]
蜜蜂优课,336人最近报名,免费,共1节,【坤哥物理】新高一高手必听课 微元法初步 详情咨询微信
合尚教育,5540人最近报名,免费,共5节,【直播】ps板绘商业插画设计试听课【合尚教育-HESUN】
"松勤软件测试,认证",5267人购买,¥4162.22,共149节,【松勤】软件测试0基础到项目实战系统学习全栈班
小任老师,352人最近报名,免费,共15节,2020软考--网络工程师-免费视频课程
"云艺帆教育,认证",815人最近报名,免费,共12节,Solidworks/CAD机械设计SW钣金焊件非标自动化工程图装配动画仿真
学神IT教育,50人购买,¥6122.22,课程2,高薪就业+云架构师课
Jenny英语课堂,702人最近报名,免费,共34节,零基础英语口语流利说 国际音标 自然拼读法 英语语法 新概念英语
艺点点教育,078人最近报名,免费,共28节,【体验班】3Dmax室外建筑表现/效果图/建筑动画/PS后期/全模渲染
抵岸教育,571人购买,¥762.22,随到随学,20年上半年省考申论精讲课
木客教育,拼团,¥2.23,共34节,AE+C4D影视后期特效视频 广告动画栏目包装设计师 平面电商美工班
小任老师,336人最近报名,免费,共10节,2020年软考系统集成项目管理工程师--基础知识 精讲免费视频
"山本教育,认证",4201人购买,¥3376.22,共7节,山本教育素云VIP第10期恋爱技巧-脱单特训班
"云艺帆教育,认证",375人最近报名,免费,共10节,Solidworks非标机械自动化
魔贝课凡,412人最近报名,免费,共6节,抖音电商|抖音短视频推广|新媒体|淘宝客自媒体抖音上热门
若水学院,870人购买,¥8662.22,课程2,2019室内设计全案班
闪电课堂,5214人最近报名,免费,共6节,【高一数学必修一】数学顶级名师带你搞定高一数学
小任老师,354人最近报名,免费,共10节,2020软考-信息系统项目管理师-免费视频课
腾讯课堂NEXT学院,限时,¥0.72,共6节,【NEXT学院】人人都会微信小程序
Vincent,565人最近报名,免费,共1节,《斗罗大陆H5》史莱克训练营开学典礼
微客教育,5万人最近报名,免费,共4节,自媒体运营|新媒体运营|微信公众号大鱼号百家号企鹅号今日头条号
艺服教育,088人购买,¥9179.22,随到随学,《高级女装制版全套深造技术》第一期直播回放视频【艺服教育】
蜜蜂优课,832人最近报名,免费,共1节,【坤哥物理】粒子运动专题试听课 你没听过的旋轮线 高手进
"原画人在线学院,认证",555人最近报名,免费,共1节,原画人厚涂插画课程试听和介绍
欧艾教育,805人购买,¥876.22,课程2,色彩美学班VIP课程包
毕老师·消防全攻略,844人最近报名,免费,共52节,【毕老师·消防全攻略】2020消防工程师备考公开课
马哥教育,058人最近报名,免费,共75节,Python自动化开发实战课程(基础篇)-【马哥教育】
刘老师“慢”数学课堂,5人购买,¥186.22,课程3,自考线代+概率论组合（2020年4月）
"柠檬班,认证",564人购买,¥2.23,共13节,全面详解并实操SoapUI接口测试实战课程【柠檬班】
晓窗教育,995人最近报名,免费,共51节,初二物理下册经典题详解
宋超,148人最近报名,免费,共8节,高考数学中的绝杀技巧【数学超人】+【微信】supermath987
百艺汇聚,360人最近报名,免费,共32节,基础入门--maya影视角色动画师必修课程【百艺汇聚】
"马士兵老师,认证",059人最近报名,免费,共1节,JVM GC调优 预习课
蜜蜂优课,5508人最近报名,免费,共1节,【坤哥物理】理综如何得高分：坤哥理综考试攻略大放送
泛学苑自媒体,5932人最近报名,免费,共8节,【速成班】自媒体短视频赚钱|抖音Vlog今日头条号大鱼企鹅百家号
魔贝课凡,502人最近报名,免费,共3节,抖音短视频上热门|自媒体网赚|Vlog视频赚钱|电商引流带货
"峰源教育,认证",69人最近报名,免费,共37节,【北京峰源注册消防】（2019年注册消防考试免费直播公开课）
优梯教育,5273人购买,¥8162.22,开设2个班级,VIP 2020淘宝实操爆款课程 一年制【优梯教育】
"渡一教育,认证",5942人最近报名,免费,共10节,2020权威「HTML+CSS」零基础入门精英课
孙忠潇,58人最近报名,免费,共1节,ADAS功能软件开发_序章
鲁班学院,554人最近报名,免费,共3节,并发编程之AQS底层源码分析【鲁班学院】
"柠檬班,认证",166人购买,¥2.23,共10节,postman接口测试实战从入门到精通软件精品课【柠檬班】
享学课堂,929人购买,¥066.22,共25节,Spring Cloud微服务实战
"马士兵老师,认证",304人最近报名,免费,共1节,Java响应式编程【马士兵教育】
优梯跨境学院,553人最近报名,免费,共16节,跨境首选虾皮Shopee高手实操课程【优梯跨境】
河北翻译培训学院,532人最近报名,免费,共15节,人教版初中英语八年级上册知识点讲解课程
"峰源教育,认证",5919人购买,¥5.22,共47节,【北京峰源】2019注册结构基础+专业考试精选课程
"柠檬班,认证",3506人购买,¥2.23,共9节,java自动化测试入门
"卓尔谟教育,认证",55人购买,¥8122.22,共32节,ProE /Creo工业产品设计结构辅助设计入门到精通课
亿启教育,610人最近报名,免费,进度：2/3节,亿启论股【亿启教育】
"柠檬班,认证",5790人最近报名,免费,共42节,【柠檬班】软件测试自学/面试/接口/压力/自动化/性能/入门到精通
真佑教育,7人购买,¥5477.22,课程2,2019年GRE刷题营
"柠檬班,认证",305人购买,¥2.23,共28节,Python全栈软件自动化测试VIP课程【柠檬班】
"柠檬班,认证",058人最近报名,免费,共21节,【柠檬班】软件测试Python/Java接口/App/RF自动化测试/测试开发
博为峰网校在线教育,拼团,¥2.23,共4节,【博为峰】软件测试国际权威认证ISTQB2018版考纲培训VIP体验
毕老师·消防全攻略,737人购买,¥5.22,共5节,【毕老师·消防全攻略】2020消防工程师入门课
博为峰网校在线教育,506人最近报名,免费,共5节,【博为峰】软件测试国际权威认证ISTQB2018版考纲培训免费咨询
熊梅军,15人最近报名,免费,共4节,逆寒技术作图—试听课
六星教育,643人最近报名,免费,共32节,Web前端开发(HTML/CSS/javaScript/Vue/React/Node)
Rhino3D（犀牛）原厂中国/Shaper3d,93人最近报名,免费,共4节,Rhino3D（犀牛）工具讲解与应用课程合集免费章节
"卓尔谟教育,认证",109人购买,¥8322.22,随到随学,Rhino 7犀牛 / KeyShot 9 产品设计建模渲染进阶班【卓尔谟教育】
齐论跨境学院,5705人最近报名,免费,共4节,"【直播】亚马逊3大引爆流量技巧,不懂英语也能爆单【齐论】"
"六星云课堂,认证",0093人最近报名,免费,共35节,Python零基础快速就业到高级工程师/网络爬虫/人工智能/商业项目
云龙课堂,536人最近报名,免费,共19节,3Dmax多边形建模系列
"渡一教育,认证",3953人最近报名,免费,共16节,Java零基础入门到精通--上[历史 运算符 语法结构 数组 面向对象]
"涵品教育,认证",386人最近报名,免费,共12节,PS淘宝美工PS教程 抠图/产品精修/主图/海报/详情页 就业实战答疑
学神IT教育,31人购买,¥1462.22,进度：1/25节,json-Python自动化测试-项目实战-/测试开发/接口/性能【学神IT】
e学苑在线教育,37人最近报名,免费,共10节,【直播】外研版初中英语七年级上册 同步教材精讲精练 可试听
"涵品教育,认证",549人最近报名,免费,共1节,PS/PS教程/摄影后期/人像精修/液化/上妆/调色/0基础到精通
河北翻译培训学院,554人最近报名,免费,共15节,人教版初中英语七年级上册知识点讲解课程
"六星教育,认证",5781人最近报名,免费,进度：13/15节,PHP7进阶到架构-Laravel/Redis/Swoole/高并发分布式【六星教育】
"太阁IT认证中心,认证",60人最近报名,免费,进度：7/7节,CCNA安全思科网络工程师
"卓尔谟教育,认证",320人购买,¥8322.22,随到随学,工业产品设计手绘基础马克笔表现实战班【卓尔谟教育】
马哥教育,189人最近报名,免费,共7节,python基础教程-马哥7天共学Python入门基础课程
e学苑在线教育,83人最近报名,免费,共4节,【直播】外研版初中英语七年级上册 知识点梳理语法词汇精讲
抵岸教育,2人购买,¥5622.22,课程4,20省考冲刺+申论精讲
蜜蜂优课,63人最近报名,免费,共1节,【坤哥物理】初升高如何学好高中物理？听坤哥这样说
宋超,5234人最近报名,免费,共13节,高考数学那些神奇解题大招大汇总一
